GPUCB, count, 0,16.34558416164164,9.837720348771843,8.941732835407874,7.0169726756472866,6.195852268213868,4.158572491361079,3.7016887222676416,3.4753599445581567,3.462275296786027,2.8964503712760417,2.536720865112454,2.1391030947637706,2.1151021119967894,1.6992119853721763,1.890795543225483,1.8829242950726517,1.7524142231446833,1.5016128348257385,1.3789320601440647,1.306797346064617,1.2418098201165444,1.086335321455274,1.1824151966093681,1.0994999647713541,1.1103307371419855,1.0623707272422849,1.1967829073210718,1.0479292908516213,0.9211804554315325,0.932357715717812,0.853230511925773,0.8027717431709657,0.8398609213433325,0.7954351890032754,0.7698192196088885,0.7944274641820709,0.7690846388834852,0.7819880373861109,0.6790650294121499,0.6141198510020813,0.7335737503755891,0.6973287930668743,0.6536312346791441,0.647219485181628,0.6263859503098532,0.760342221815386,0.5352445607688662,0.5018269538597302,0.6432348907864179,0.6040843309778369
decomposed GPUCB, count, 0,16.339416769829782,9.835245206795424,8.94009615545963,7.013743949738278,6.191078934399155,4.1557600492832085,3.6969102612812614,3.4729075557231837,3.4580503796225233,2.890734582596035,2.5317574510146876,2.135378218747025,2.109722469379121,1.6947425374487908,1.8818774924305584,1.8714767749547787,1.744814248857931,1.4962159434519346,1.3684578503236977,1.2958748907836903,1.2302112293860272,1.0784096732764015,1.1680212315097867,1.0907115681699218,1.1009365125213257,1.0507976390226983,1.1839490699673152,1.036665620866677,0.9110242006705755,0.9245985505372016,0.8412589266146404,0.7939368162906048,0.8295641995259484,0.7849613649189273,0.7597035410441427,0.7836176882907682,0.7570023851906106,0.7722164069051988,0.6694405854130898,0.6026376873539194,0.7228945594847127,0.6863143658509525,0.6434354330041201,0.6370460862201828,0.615149069443951,0.7479473285499917,0.5274645370111191,0.4943945123984202,0.6324193484740145,0.5935006945583701
improvement ratio, count, 0,1.0003774548320015,1.000251660423749,1.0001830718506586,1.0004603427117023,1.000771001931213,1.000676757571303,1.0012925553093421,1.0007061486076505,1.0012217627563786,1.0019772789637689,1.001960461929628,1.0017443635905077,1.0025499290526358,1.0026372430175228,1.0047389114492284,1.0061168379277106,1.0043557497835238,1.0036070270454094,1.0076540244318737,1.0084286340900712,1.0094281294573337,1.0073493852802646,1.0123233762463169,1.0080574891271927,1.0085329394690938,1.011013622214026,1.0108398559357887,1.0108652874738218,1.0111481723026472,1.0083919287739551,1.014230559620102,1.0111279974666487,1.0124122060996221,1.0133431077661126,1.0133152973735555,1.0137947063380883,1.0159606547208333,1.0126540052678674,1.0143768456959046,1.0190531788653614,1.0147728195637393,1.016048661901846,1.0158458815788571,1.0159696436121404,1.0182669232939905,1.0165718798533898,1.014749851813418,1.0150334222466457,1.0171018523365876,1.017832559450233
GPUCB, count, 1,14.707262156930499,9.441925186134794,9.994994629431538,6.018096007906665,5.378585905778158,4.736754681544068,4.225062744747405,3.631635417313628,3.3648836964802147,2.4278625909739477,2.308790205173047,2.0935721841872263,2.077480524515882,2.1144277639069586,1.750646880329908,1.5084054935460476,1.5624502559066031,1.2545567051812718,1.2012807998753217,1.2797552929998124,1.2415284015404704,1.2225367407141967,0.9212574552186081,0.8982194581255045,0.9919003466568962,0.9326998373961313,0.9222678539519381,1.0750099282109673,0.753811394898378,0.7815704146727018,0.8224514342025382,0.7331169891853303,0.6963020414855131,0.7559468041374564,0.7334802445657529,0.8174797408600817,0.7372709749014001,0.6773075553834139,0.6516466518392822,0.6617966023962448,0.553782540945971,0.6754869186892907,0.46107786623205216,0.6352270572906341,0.604142319593333,0.5275656452965883,0.5412806393675292,0.5361012039089816,0.5783233471733268,0.5464053290321511
decomposed GPUCB, count, 1,14.661804081464956,9.42905350907174,9.935806435023341,5.984061870239925,5.351817930825716,4.675390256022388,4.159786229700967,3.586163783009917,3.330488829176127,2.4056127810109875,2.265014649247922,2.0657155120613733,2.047348346334826,2.060684885603464,1.7030467322769343,1.4554296883041749,1.5337879241632182,1.2191120880461137,1.1570031353667773,1.2406396133219477,1.202672373292218,1.1762335614842963,0.8935454321478816,0.8680397842229156,0.9553037261210217,0.9007006893141156,0.8903178306623151,1.0314969967386176,0.7322653458424091,0.7555444009497255,0.7934622861359355,0.7069831951526812,0.6675214632971554,0.7249696366638034,0.6998064171813103,0.7841237131945359,0.7082602696669421,0.6508178837564378,0.6225791276259863,0.6313661960154265,0.531534613919763,0.6441499665951719,0.44051164868129067,0.6053929171336231,0.5722293570231085,0.5036958883016982,0.5167157303608546,0.5101044788626989,0.550256112188885,0.5215245142256179
improvement ratio, count, 1,1.00310044215657,1.0013651080726895,1.0059570599322025,1.0056874642015317,1.0050016602392737,1.0131249846882056,1.0156922763435203,1.0126797427711307,1.0103272729825057,1.0092491236073369,1.0193268312589767,1.0134852412944584,1.0147176606438266,1.0260801050558277,1.0279499952354998,1.0363987389205993,1.0186872847880988,1.029074124916574,1.0382692692483568,1.0315286399513943,1.03230807417808,1.0393656334473829,1.0310135579834068,1.0347676160138286,1.0383088849495792,1.035526949697777,1.0358860871806366,1.0421842541567534,1.0294238272755922,1.034446703185493,1.0365350043387396,1.0369652266303235,1.0431155846977547,1.0427289170567267,1.048118774789283,1.0425392410716068,1.0409605147668388,1.040702126183259,1.0466888832655472,1.0481977124731505,1.0418560267639811,1.0486485348431496,1.046687113978321,1.0492806230675242,1.0557695304837982,1.0473892234367275,1.0475404706365712,1.0509635302639246,1.0510075842189048,1.0477078528963828
GPUCB, count, 2,17.915975869176343,14.63190941765394,15.796554691723843,8.559043668168735,5.675563762472661,5.568314430782903,4.286629280771989,3.4674337150618046,3.312776574139609,3.232167298475476,2.45497045201595,2.113312533472342,2.203700433216434,1.6969325420401136,2.071410556409248,1.6522512245967895,1.5459555634452482,1.532528609760434,1.2927604443540832,1.2485291123446614,1.227945229277657,1.239786388039956,1.1139862455830483,1.0424246047043533,1.113492997767795,0.7787006638280711,0.8604894320676144,0.8479702485231898,0.9720587519185739,0.8929318970207025,0.812846340793823,0.8005831981439524,0.6651192116641693,0.7142582751945518,0.601855234850788,0.7361126092944869,0.7285135818690207,0.801967462820365,0.7297301080563634,0.6653315158823128,0.6527475265548219,0.6889221149978935,0.725935109910502,0.5831647699399336,0.5461405266626713,0.5869744837346221,0.763703981927647,0.5499280063098909,0.5833670055806499,0.5282396694278729
decomposed GPUCB, count, 2,17.899457815318474,14.619478378169767,15.773159180508314,8.534528355979644,5.58166027152478,5.5008651481935535,4.239602346668393,3.4205770609863313,3.2635663979601035,3.153500072289873,2.4098339811769702,2.053180687384497,2.109543991234726,1.6393649776298223,1.953243887305218,1.5526134588907714,1.437387030303793,1.4529976279443209,1.2203081980993544,1.1854986297465724,1.1614279628288797,1.1796969440773282,1.0501442207134426,0.9948451038442528,1.0457345813965961,0.748214834984458,0.8198475113244503,0.8087857189407074,0.9161589055894884,0.8428077065871094,0.7753935798379803,0.7579717819714402,0.6370810077546398,0.682282144044862,0.5711464993744462,0.6842396675916301,0.6837169413195066,0.7488171138398176,0.6843271840572811,0.6266639991426989,0.6198296586945246,0.6375032882156262,0.6772374669378407,0.5452375323357778,0.5155831567414442,0.5453848378714301,0.7055805524414442,0.5181693931950134,0.5505647029587182,0.4956938668881661
improvement ratio, count, 2,1.00092282425693,1.0008503066362981,1.0014832482794214,1.0028724858793063,1.0168235769251197,1.0122615771832726,1.011092298347403,1.0136984646859446,1.0150786502184435,1.0249460042436211,1.0187301163447513,1.0292871672022423,1.0446335522619739,1.0351157705549632,1.060497652071016,1.0641742251656134,1.0755318719680593,1.0547357960443695,1.0593720884343596,1.053167908436607,1.0572719691428487,1.0509363394253983,1.060793578263215,1.0478260391253322,1.064795042237875,1.0407447532689544,1.0495725365775737,1.0484485923339542,1.0610154482896366,1.0594728667545859,1.04830161343826,1.0562176814309399,1.0440104218588289,1.046866434112025,1.053766827792827,1.0758110705353254,1.0655192782894352,1.0709790788674696,1.0663468075751348,1.0617037468125066,1.053107926344842,1.0806565671624828,1.071906303697062,1.069560944276299,1.0592675876270938,1.0762574295712204,1.0823767453412434,1.0612900212400718,1.0595793781287706,1.0656570611696705
GPUCB, count, 3,21.659735205441137,14.170535404371382,10.497954369326095,8.571896582048431,6.611654001995187,7.058310414696585,4.751921695604171,4.625316138557631,3.427824707129268,3.257031562409551,3.182611413827026,3.266664249115842,3.105161983863598,2.716626037189321,2.23306965872472,2.014948367752656,1.860062428917339,1.7011652813957423,1.7144442881658548,1.5824187386846156,1.5466304795511796,1.170667854563118,1.2421874443668288,1.186581559686089,1.2382440165732176,1.2170025574831589,1.247775544180433,1.163106186767352,1.1795629408667627,0.8967382007985606,1.0517766352807358,1.1533553021009857,0.9525845178378253,1.0630675186210505,0.8552018893911261,1.209089677331031,0.8662756542433558,0.8778137294501428,0.8135223592122864,0.7350844645300814,0.8815286255089096,0.6165404066339153,0.7392172548607948,0.6798645064243439,0.6933880390437873,0.7715613413894684,0.6516628344830834,0.8630700426231757,0.5496118352570577,0.6313980275354087
decomposed GPUCB, count, 3,21.62954926037769,14.156563742426561,10.484941085468698,8.563088647350213,6.582313546596754,7.019090690647903,4.731468861020148,4.611544124515403,3.4150379096741443,3.235685056601054,3.1634973731714737,3.252290423552584,3.072769814913675,2.6824354453354196,2.2081287024924614,1.989655819867798,1.8301841245271853,1.6590681344532778,1.6792274362536799,1.5538800251624507,1.5152659053834345,1.150873175681656,1.2101240370906212,1.1549152346526947,1.1942493897086357,1.1774719644199498,1.2052185319024187,1.1259408126419794,1.1396416510215612,0.8579799552965184,1.0065703762543132,1.0942136373447733,0.9117798490797847,1.0101562701527562,0.811589652918867,1.1540354135513484,0.8264543758827941,0.8281761926180463,0.7673477314211591,0.6892347144718046,0.8305523797561033,0.5778048560009411,0.689544061351994,0.6404745104414692,0.648765242257788,0.7166748397454135,0.6060950566055908,0.8089710110904872,0.5168715490395366,0.5887751080760211
improvement ratio, count, 3,1.0013955882621532,1.0009869387938366,1.001241140388994,1.0010285931935252,1.0044574685163097,1.00558757904367,1.004322724123268,1.0029864213960384,1.003744262228803,1.0065972137074801,1.0060420599105446,1.004419600863184,1.0105416841810628,1.0127461005309026,1.0112950645513126,1.0127120216633942,1.0163252997279018,1.025373971127676,1.0209720560490263,1.0183660984503493,1.0206990562226161,1.017199704797827,1.026495967597912,1.0274187438898206,1.036838726687828,1.0335724282681182,1.0353106189056343,1.033008284012874,1.0350296865768434,1.0451738356622182,1.0449111757040237,1.054049467798378,1.0447527643862964,1.052379270447228,1.0537368069139479,1.0477058703166329,1.048183274869863,1.0599359620266087,1.0601743198036306,1.0665226940773198,1.0613763165277739,1.067039157304886,1.0720377366624059,1.0615012702936824,1.0687811150774758,1.0765849428501668,1.0751825598655975,1.0668738815001089,1.0633431773878055,1.0723925296343952
GPUCB, count, 4,18.127693781661204,19.494202930516845,12.169861174043195,8.172333429611063,8.187053353344755,6.591442275144247,4.180983343038217,3.8486879679332198,3.1223209526000293,2.7766494093463945,2.939083986008939,2.554229468200129,2.380044072876739,2.17385949577239,1.8845710294797382,1.7403418133095188,1.6728621917251985,1.5696809151438087,1.4850465298045983,1.2408392863130422,1.1559521676996733,1.0957302403872413,1.0438566946284067,0.9561149394005017,0.9268191954141299,1.2924740425929446,0.996827324702758,0.9165943612183056,0.8104690077691862,1.0512758063522658,0.8649660956598598,0.6713325104873991,0.8223819322672442,0.867555687242969,0.7337838779637734,0.7781427423248424,0.6480984085626963,0.7667546016067818,0.6802172077539388,0.5791254621501167,0.8150696401399111,0.6357463357412755,0.6176663046134565,0.6327055180452735,0.5144414368573762,0.5677312385898393,0.5689920969204781,0.44669275177729506,0.464985510720873,0.45629493762999573
decomposed GPUCB, count, 4,18.12105959820019,19.48731607582937,12.163186649732967,8.154984420225537,8.13107826330406,6.554953539079963,4.1648116853454,3.8255280611291793,3.10538238781429,2.755783321451696,2.9063267177033554,2.5352632428689663,2.3410554048229852,2.104414726200697,1.8270641578305917,1.6800163832587764,1.6140793901137198,1.499302411570457,1.4370603999371847,1.1789185249582155,1.1216074217961445,1.0443233392464968,0.9992730273720801,0.9176562802527342,0.888078232760156,1.2301659370247149,0.9442346779161538,0.8780180479111792,0.7741996677973773,0.9954753421796187,0.8241221987024405,0.6418100772595384,0.7855488463524001,0.8168924162301734,0.6930636267939059,0.7381012197559124,0.613928132235183,0.7215204244959171,0.6422068143073796,0.5464155162609693,0.758453539513838,0.5976160360518669,0.5872492334058972,0.5914032772118079,0.4867458349445163,0.5321521975527891,0.5368984351848867,0.42149186230514885,0.43815058827212994,0.429914336030087
improvement ratio, count, 4,1.000366103506534,1.0003534019082299,1.000548747996922,1.0021274117143006,1.0068840919036917,1.005566589579429,1.0038829265077505,1.0060540418038926,1.0054545826150774,1.0075717447494046,1.0112710206000064,1.0074809688439692,1.016654312398344,1.0329995645378647,1.0314750149318395,1.035907643908643,1.0364187796285145,1.046940832636715,1.0333918670847175,1.0525233593704209,1.030621004494183,1.0492250811686692,1.0446161019412024,1.041909656126557,1.0436233669792432,1.050650163277101,1.0556987028930898,1.043935672391815,1.046847527169569,1.0560540897481905,1.0495604863231776,1.0459987062744767,1.0468883457545308,1.0620195144503832,1.0587539867850781,1.054249365123894,1.0556584305773813,1.0626928574370809,1.059187153732639,1.059862769112005,1.0746467617019277,1.0638040102493156,1.0517958465967643,1.0698376935416838,1.0568995149512002,1.0668587693533311,1.0597760388788238,1.0597897414538966,1.0612458893518049,1.0613624608183863
GPUCB, count, 5,15.782982392597892,13.267636457946585,10.511634899908277,8.534524369242975,4.631935559272864,5.599785146852506,3.883943844171588,4.295449455895951,3.978146901693372,3.1429449313609985,2.8195580157183664,2.7065370014111867,2.2730884033534875,1.6697514312858066,2.087120191098581,1.9248704093090931,1.8960227329667134,1.4339174945509854,1.3896184094140063,1.5072009617893602,1.3056767080268825,1.2602743586541756,1.0478932684519513,1.0439098406493985,1.0468876348770453,1.0934327763047684,1.1004400127109148,0.9467208166764475,1.0195989618620749,0.7677269993598129,0.7728441939406372,0.7271564577407392,0.7002142090242344,0.6622493339541324,0.8501164508446342,0.6452718875924957,0.6671249721294534,0.7127567202886799,0.7437724841469133,0.5666171885825811,0.7418192118662209,0.6779062379505137,0.6088897796403249,0.5107214550073146,0.5813371290215038,0.585915412548778,0.7618198820697942,0.638583921787718,0.5530619613932639,0.4465109823757831
decomposed GPUCB, count, 5,15.746159445045679,13.23366534863546,10.469842621757914,8.496057883589293,4.541476302474696,5.476977066252749,3.8244520476310107,4.206118917068091,3.927269743547784,3.0760051254055614,2.743256945824289,2.647545885834152,2.195409131853555,1.6164120049080999,1.9994947665458203,1.8482996259246196,1.768737820480168,1.3678356074661089,1.3413364711429563,1.4255639774891404,1.2474803531703533,1.2142645596821948,1.010818452473646,1.0001076009967524,1.0020897454735498,1.0420263660971925,1.0543141817996742,0.903556845584984,0.9758865209444348,0.7424195480236097,0.7424861198641056,0.7016389522120275,0.6733612866766855,0.6347446651780698,0.8095019080366987,0.6199371867164654,0.6350895507326643,0.672093702475125,0.707193720046495,0.5396290806247949,0.7068391494273282,0.6462651671875201,0.5829278525939726,0.48868449613858267,0.5510680174324819,0.5559397058465451,0.7137110600253528,0.6028241725273571,0.5238507105369833,0.4281439597823076
improvement ratio, count, 5,1.0023385351634935,1.0025670219411003,1.0039916816002097,1.0045275686890014,1.0199184694080372,1.0224226026719117,1.0155556392914977,1.0212382342461512,1.0129548417775927,1.0217619292642146,1.0278140441821249,1.0222814327383976,1.0353825946940236,1.0329986576539558,1.0438237828969845,1.0414276897048922,1.0719636969440676,1.0483112785806856,1.0359953966135795,1.0572664472372597,1.0466511193612218,1.0378910827999648,1.0366780165989025,1.043797526995086,1.0447044684429194,1.0493331185084247,1.0437496068131282,1.0477711737810123,1.0447925450136728,1.0340878030536427,1.0408870593864945,1.0363684277337564,1.0398789221757596,1.0433318628496806,1.0501722632210202,1.0408665610305088,1.0504423688908624,1.060502006883571,1.0517238248354546,1.0500123305559048,1.0494880093543675,1.048959888865266,1.044537118840392,1.0450944505971858,1.054928086246142,1.05391898867268,1.0674065805323691,1.0593203638640387,1.0557625488879019,1.042899174854211
GPUCB, count, 6,15.896141497055808,14.269761237631796,10.474241411592946,9.39074191000125,6.999747925476766,4.869225422310146,4.80992306517576,3.166222615496214,2.90812591350626,2.9806666837325775,2.704393760706374,2.4061813719991574,2.479015181628891,2.423991409831913,1.9521122718715465,1.855400864483745,1.6801518239086013,1.446243801681595,1.4226498818649178,1.1005490606719222,1.119547799006279,1.1282066849282,1.1503108054716036,0.9462220414634372,0.8729150547175056,0.9285420887853815,1.0050029145427113,1.0102906224821409,0.893770100722743,0.7469470479592689,0.7712845200600973,0.6870601894254009,0.7523303601179248,0.871872764611054,0.6773400986106503,0.7463738806211204,0.6148070369338379,0.6847214662321912,0.6988378098933861,0.723335133328176,0.6099864173988974,0.9178056723010976,0.6743315180053014,0.6202733403282213,0.5551827002891492,0.5869776234514108,0.5413063523789847,0.7473754889487288,0.510031683691369,0.5581133815320757
decomposed GPUCB, count, 6,15.893359427027475,14.267970460708675,10.469665909465252,9.376182009204951,6.9817566839435266,4.857984699362029,4.799369927648395,3.1559981807634134,2.897427518298941,2.971881837467649,2.6852179772996134,2.395444089547606,2.4558923903068344,2.362421621748018,1.938103385023643,1.8245605172838073,1.630999056234668,1.4164152493254174,1.3921303074547031,1.0855212800898213,1.0979243164495815,1.092897704609742,1.124708495395109,0.9278556067503154,0.8611466006494584,0.9108498958991715,0.9836694508707126,0.9849030771265441,0.8721909371467301,0.7277548020298402,0.7536889915982408,0.667177061371288,0.7316385389177572,0.8473244106599443,0.6570172048268476,0.7244687656948021,0.5967166200324894,0.6660215955438166,0.6746786045708918,0.70165881966312,0.5907299258115485,0.8813919726623353,0.6510869382188682,0.5980325878032637,0.5378098380325473,0.5659563983145881,0.5219152858186992,0.7178025755272243,0.492326637856339,0.5380288415840266
improvement ratio, count, 6,1.000175046065063,1.0001255102768858,1.000437024654584,1.0015528602987873,1.0025768932301258,1.0023138654491015,1.0021988589515824,1.003239683341746,1.0036923771655208,1.0029559877361793,1.0071412390237475,1.0044823765657496,1.0094152298420402,1.0260621505988157,1.0072281421910485,1.0169028908100286,1.0301366009293762,1.0210591861181837,1.021922929374345,1.0138438378479853,1.0196948753504453,1.0323076717697621,1.022763507327737,1.019794496664678,1.0136660285939372,1.0194238292893962,1.0216876346552342,1.0257766941186386,1.0247413297443866,1.0263718574936203,1.023345874303596,1.029801876001621,1.028281480675929,1.0289716118670416,1.0309320572345722,1.0302361067358234,1.0303165963441132,1.0280769734997945,1.0358084651844859,1.0308929540363552,1.0325977925714431,1.0413138544123235,1.0357011919944543,1.0371898672054878,1.0323029833744888,1.03714283503009,1.0371536666719157,1.0411992300247508,1.035961990421888,1.037329857427192
GPUCB, count, 7,18.087878720263948,13.173699796545684,10.182417845824386,8.78567630570221,8.026850849132318,5.70397966097006,5.3408818754060485,6.315639983647399,5.201121054167594,4.506807459665761,4.676685662806492,3.570738270465934,3.378674713856092,3.0823826692890965,2.3543997284700247,2.5578790449578555,2.529650506935237,2.4730823870278402,2.1686419902725866,2.0269068655533276,1.8377745277979816,1.8642272531443271,1.6763776537429513,1.5530872280492078,1.6027531567839377,1.6501775547052873,1.6767123521497598,1.2444069445944148,1.1648916193174466,1.211334750763799,1.3509065055157148,1.0994427406515728,1.2306283282661352,1.1667900179245894,0.8919664179427937,1.0411416943007714,0.9207075594499639,1.2286113224431328,1.0493820491075943,0.9098393873404075,0.8220326176585908,0.977302984084786,1.0054784790315816,0.8514497371080318,0.8286747833204902,0.8426779993470989,0.8630318821757829,0.8420543895886689,0.875185125974669,0.6987873461274655
decomposed GPUCB, count, 7,17.95304111901201,13.075449276779512,10.139652585915512,8.697602277923218,7.9731225938012615,5.652934864391637,5.264020838730643,6.249227425221383,5.123024756794348,4.452911191657054,4.5820546185326005,3.519328092408501,3.33626321907051,3.0533725614721496,2.3380418377375385,2.521165936001163,2.5081676456718043,2.4232028207644234,2.141629725993599,1.9905478594406423,1.8038933149861482,1.83633398219414,1.6549651530494511,1.5256359667714587,1.576147121137601,1.6036572537106644,1.639479473224151,1.2228394425065194,1.1417871265331214,1.1758600949575633,1.313051456614783,1.0634434538885036,1.1920192288802665,1.1267756109480445,0.8577044672463681,1.0066559958481947,0.8924137828648506,1.180398530864545,1.0006879410065646,0.8737496345374707,0.7888079582115933,0.9239675994742509,0.9543839101269224,0.80849817625065,0.7875875110607071,0.8070536708670848,0.8257229137954094,0.7958133986246301,0.8292339221083994,0.6636697122507078
improvement ratio, count, 7,1.0075105716272854,1.0075141219002435,1.0042176257565547,1.0101262422636348,1.0067386716683409,1.0090297867926905,1.014601202964451,1.0106273230124383,1.0152441772352694,1.0121036027194268,1.020652535194833,1.0146079526283238,1.0127122747819035,1.0095010049487574,1.006996406338184,1.0145619566060469,1.008565161623269,1.0205841483164342,1.0126129479578714,1.0182658286462414,1.0187822708418284,1.0151896502600573,1.01293833930826,1.0179933233586786,1.0168804265093816,1.0290088801001465,1.022710183039003,1.017637231298074,1.0202353768468897,1.0301691127697603,1.0288298289531828,1.0338516228873638,1.0323896615511283,1.0355123119348293,1.039946102655175,1.0342576794801879,1.031704773198688,1.0408445032062823,1.0486606324565575,1.041304455391322,1.0421200865193163,1.05772430184877,1.0535367040061103,1.053125117803687,1.0521685167460915,1.0441412136094244,1.0451833996090576,1.0581053184627893,1.055414042577316,1.052914323538531
GPUCB, count, 8,15.533388294815468,12.118596132049941,9.125817701130718,6.615241814575735,5.289067528342294,4.240498955471783,4.175976690647918,2.992987305437092,2.8441348909812105,2.6613802656503185,2.4123324378054347,2.59144293088621,2.2715589301272043,1.5610626104419925,1.7004134791922014,1.3261278712162277,1.359566385133272,1.4565597886311905,1.386453125859172,1.290709957207061,1.242264320447266,1.058326030173711,1.0447570320421142,0.9990612359918364,0.9600869467620667,1.0129274400727648,0.8406744452870386,0.8513879159096275,0.714545348260901,0.8707743742101688,0.960729845433473,1.0527822060198118,0.8297387716820295,0.8197623120941027,0.7765709653817737,0.7089447398858065,0.6769744215570053,0.6256269246287882,0.9145297389970007,0.6084052502440609,0.7839604910007899,0.597757425743945,0.7659429133255747,0.5984118524845562,0.6996170836440478,0.5900702037298249,0.5575998676454913,0.5615291015188115,0.5978150987903459,0.5648297506280208
decomposed GPUCB, count, 8,15.509038085392687,12.102503009567009,9.1166813750996,6.607017687525209,5.273453355041285,4.224622078139131,4.165564576686896,2.980155865610121,2.8330840986047563,2.652845852397427,2.4018585510985107,2.5696791392433633,2.2568993025564974,1.5510502248901812,1.6880566961570436,1.3132112888434628,1.3425300813487646,1.4376805220086022,1.3639010380132368,1.2679714060829486,1.2278409094362914,1.0393085493448735,1.0336962272369346,0.9871452213269527,0.9476588157647995,0.9943843349274917,0.8274189606126754,0.8355540710420927,0.7035736504125882,0.856837147560565,0.940669079693699,1.0280498087617234,0.8133127557160037,0.8042480438219771,0.7601552907920052,0.6938117414415131,0.6645048070857236,0.6123934013143882,0.8937184339102946,0.5963260443427869,0.7668066599049534,0.584038855837041,0.7483973473878024,0.5839141510687703,0.6817171065887423,0.5744819359833584,0.5430245515812856,0.5471482881080235,0.5820919372379615,0.5514873615451548
improvement ratio, count, 8,1.0015700657441622,1.0013297350531714,1.0010021548033994,1.0012447563241815,1.0029609009978409,1.0037581769538177,1.002499568490498,1.0043056270898583,1.0039006227813345,1.003217078461298,1.0043607425183858,1.008469458817047,1.0064954725955657,1.0064552297476506,1.0073201232300366,1.0098358752186332,1.012689699859382,1.0131317537753184,1.0165349884026675,1.0179330156934352,1.011746970556305,1.0182982049371432,1.0107002468556407,1.0120711871034191,1.0131145627419054,1.0186478250852828,1.016020281508352,1.0189501139618493,1.0155942421122206,1.0162658991726532,1.0213260605380015,1.024057586555926,1.0201964322464918,1.019290402247543,1.0215951592899724,1.0218113899497463,1.0187652735364985,1.021609513240993,1.0232861987590993,1.0202560428407692,1.0223704774525078,1.0234891390697674,1.0234441850963438,1.0248284810177146,1.026257192143638,1.0271344785102487,1.0268409890892822,1.0262832100974222,1.027011474556736,1.0241934630115246
GPUCB, count, 9,11.169269398111803,10.229723739300866,9.532762496479881,7.186496074246109,7.5000246250579705,5.003415352390427,3.656515532480928,3.5170729755486727,3.220982233855751,2.998950686275899,2.894641561981287,2.1001312467928246,2.2705596817909983,1.9652387378755083,1.9390135557214514,1.8976840255375995,1.6492229716840097,1.4545116365532318,1.482888361077896,1.2715777808699857,1.3394739316886481,1.4199879363362138,1.1331292132928947,1.1030735628311983,1.1368520538916282,1.0781224471216009,1.2164227315063507,1.1307808186721648,0.9732164686777715,0.9229944718614084,1.1611212717297361,1.0023784758838974,0.9291408038779095,0.7087007773254025,0.8410026906088764,0.8310016962794277,0.8264300005046779,0.8890672784012247,0.6764465944569652,0.8769973636220271,0.6289719898580995,0.6450554594478128,0.7043652839340273,0.6950723507860623,0.7207336328112173,0.7393431051832561,0.6001641758840613,0.5630422559495535,0.6167596835323161,0.7065622162309305
decomposed GPUCB, count, 9,11.11603714872718,10.20520136149779,9.47011809769847,7.110467773867454,7.396117680634,4.886642601656431,3.5505995610590633,3.446984980038399,3.15480712181834,2.9369977527248747,2.8301576741266325,2.0480540002615326,2.216512211633553,1.9184909186097931,1.870580264077964,1.832747938576276,1.587495825075152,1.4032970586239026,1.4250542830646509,1.2226187770510406,1.2861138889980426,1.3481085831433588,1.0821668984465995,1.0569144887690136,1.0909167547094611,1.0309958667108863,1.1549065392303866,1.076292476759797,0.9340155554997398,0.884371521575451,1.1036403526907166,0.9454275361510146,0.8827230235793181,0.6777506226591111,0.7946248321605824,0.7851837050620243,0.7772585572646218,0.8428991499068823,0.6437280816813128,0.8258982616427236,0.5968048934098344,0.6092850483657812,0.6654401873211688,0.6531059863935014,0.6733775742400808,0.6961980134208365,0.5673185311948666,0.5345265602117327,0.5823602867474353,0.6646405964534908
improvement ratio, count, 9,1.0047887793709576,1.0024029293430303,1.0066149543369092,1.0106924470789496,1.0140488495330517,1.0238963149657012,1.0298304468303017,1.0203331305230965,1.020975961281357,1.0210939669577703,1.0227845566500295,1.0254276725733997,1.0243840164172218,1.0243669744861708,1.0365839910522199,1.0354309971352458,1.0388833442166283,1.0364958920241385,1.0405837719310382,1.0400443742055347,1.0414893604268407,1.0533186674216222,1.0470928420740362,1.04367342349138,1.042107061775214,1.045709766578463,1.0532650826593792,1.0506259618913312,1.0419703001167442,1.0436727657366818,1.0520830168078568,1.0602382917306798,1.0525847622172286,1.0456659922271416,1.0583644715987452,1.0583532120216173,1.0632626592277137,1.0547730158458966,1.0508266047524244,1.0618709402265438,1.0538988483564184,1.058708827958235,1.0584952597611477,1.0642565912223563,1.070326159323881,1.0619724430847224,1.0578963014305498,1.0533475749577819,1.0590689261745616,1.0630741185554007
GPUCB, count, 10,14.753823101654849,9.857655097781281,8.219495555368722,5.917563454932206,3.4233571134319236,4.7249669374148375,3.5902268202899457,3.242723099084204,2.7454315756404273,2.529554503968519,2.206169264837483,2.810022021771812,2.0906468049740785,2.011690445052059,1.5765517324904668,1.4102654063142017,1.2580334574903105,1.1353764000765978,1.0832983518241353,1.148648274370817,1.049545569586881,1.0884741146126364,0.9061823695566489,0.9515017069165805,0.9514478300470318,0.7991431798137607,0.8323108530512344,0.8125193582656084,0.8254453812434469,0.8498662964227087,0.9154385752616813,0.7441194951728012,0.6849888161274769,0.7194022294900659,0.6699926977415723,0.6299920833001147,0.6628356354948641,0.7080044068315603,0.5809677031638399,0.5328199854226883,0.5869584971488018,0.5017239224700986,0.6418389991402282,0.47208221710458104,0.5917691809811884,0.4919139849367916,0.6782805968916814,0.5476784319022219,0.4405903976436211,0.4902929415756533
decomposed GPUCB, count, 10,14.74457827483777,9.851408876876848,8.207679561827115,5.90676562658523,3.412374155480378,4.7110252268298956,3.5762427004230806,3.2302149595536602,2.729610064821171,2.514974798406568,2.184856451281234,2.791895286167885,2.066006872575052,1.9946546590772773,1.5532335204389736,1.384849008838827,1.243123050380227,1.1082518405880133,1.0564675947952062,1.1274971825270514,1.0282262120237595,1.064059614126916,0.8958156161853458,0.9265186058244692,0.925758666601853,0.7823196058088527,0.8142953798857667,0.7906602669224345,0.8070191912057628,0.8302344412324469,0.8920252914233251,0.7262510314933289,0.666782737963701,0.6994820498094662,0.6529070121080013,0.610867435702536,0.6425696218518681,0.6879814908625407,0.5631006298337123,0.5181008094587839,0.5680004230226777,0.48791091473952597,0.6220520488719931,0.45673237451156024,0.5727672907326146,0.47515462004831954,0.6520160664777654,0.5303177621953528,0.42659826233904197,0.47367608146229445
improvement ratio, count, 10,1.000626998388476,1.0006340434127239,1.0014396265659007,1.0018280441496403,1.0032185679093562,1.0029593793099518,1.003910282673268,1.0038722313180892,1.0057962531070506,1.00579715771752,1.009754788944487,1.0064926273179848,1.0119263554860858,1.0085407195161604,1.0150126891704623,1.018353190357327,1.011994313117694,1.0244750863433647,1.0253966682566635,1.018759330108799,1.0207341121183446,1.0229446735517285,1.0115724186808084,1.0269644893637941,1.0277493091579417,1.0215047326949116,1.0221240026782357,1.027646629352273,1.0228324062655234,1.0236461585008678,1.0262473318452638,1.0246037016191645,1.0273043633663579,1.028478471586263,1.0261686355280633,1.0313073614336377,1.0315390160907234,1.0291038585121184,1.0317298052666073,1.0284098686880652,1.0333768662094238,1.0283105118440459,1.0318091553658832,1.0336079582916282,1.0331755855406284,1.0352713920507977,1.040282029484026,1.0327363534553344,1.032799325594671,1.0350806400484918
GPUCB, count, 11,15.063591365906898,13.359004583772133,9.623410143478191,10.718504804256762,6.594918625249414,6.80876970111294,4.608353505799107,4.237713308773713,4.375393749129697,3.83259493433629,3.718496881173599,3.324828683032487,2.822869488956193,2.8609862123880023,2.6158681247750573,2.4291540934283002,1.9926695273194852,1.9839978504934284,1.8759746554481793,1.5480753761926236,1.6632998298424166,1.9495319609667963,1.53091856587445,1.610767455239451,1.1809452762422048,1.316463673402241,1.3160156989658354,1.2135168678677357,1.2136036708413818,1.4397730910122155,1.1205210170929834,1.111242204108511,1.1601904573328494,1.0650253956066476,0.9544889921334294,1.0993800485119778,1.0776703565216021,0.8782651750248249,1.0296335020978722,0.9492529377437133,0.8957217486637953,1.1208631573043326,0.7847367167432567,0.8625044423238856,0.7710779061211332,0.6890429152175781,0.6889573369165277,0.7036025763400325,0.915925257882062,0.6297383796470887
decomposed GPUCB, count, 11,14.93343594833391,13.273455192359346,9.534573751573138,10.585646606317004,6.385140904568194,6.696733512993798,4.487908707722263,4.156337186613974,4.2348666870021745,3.7326697033268057,3.6224777656281115,3.236817509549793,2.746077993260923,2.756761180016616,2.5475931234868505,2.332106579225903,1.9252322401080706,1.8917361647482007,1.8210669315446206,1.483532831553015,1.602595947690189,1.8780960339753736,1.4796030629018626,1.5477599958440138,1.1334884392251448,1.2558155405429965,1.2606422987014136,1.1620027667354242,1.16366304721764,1.3487444217494362,1.0648123332231672,1.055731021948674,1.092186148000765,1.0113314938866296,0.9088505983265049,1.0412274697157022,1.0228032305109815,0.8241215140508225,0.9672447865656378,0.8962932682704577,0.8459303120941449,1.0443602056991694,0.7372342318480051,0.8060447572325832,0.7222119919503209,0.6519424832580533,0.6432109498321676,0.663923558364159,0.8542594998189825,0.5870369519239347
improvement ratio, count, 11,1.0087157046793045,1.006445148619783,1.0093172903393186,1.0125507872008948,1.0328540472037409,1.016729975577161,1.0268376221355833,1.019578806652603,1.0331833496810734,1.0267704455394016,1.0265064747826929,1.027190650453116,1.0279640621583663,1.0378070589236745,1.0267998059261363,1.0416136702614212,1.0350281310516747,1.0487709055123489,1.030151403527484,1.043505976589708,1.0378784697663312,1.0380363547439126,1.0346819388653772,1.0407088047013895,1.0418679497512138,1.0482938225410248,1.0439247519470525,1.0443321673639705,1.042916739294207,1.067491414826174,1.0523178424325599,1.0525808004176804,1.062264394633246,1.0530922867967534,1.0502155072472417,1.0558500236381139,1.0536438724222739,1.0656986379446265,1.0645014751165067,1.0590874341558425,1.0588599744657323,1.0732534150455748,1.0644333684508633,1.0700453474632687,1.0676614549681607,1.0569075231516085,1.0711219034692998,1.0597644374506587,1.0721862128266018,1.0727406129770976
GPUCB, count, 12,13.808388184388757,9.856760488973197,9.535985650756393,6.380889746569572,6.580580770740455,5.133262078366319,4.1850724746525705,4.215145085822239,3.018197837446808,2.770827527061621,2.4286641989456665,1.9253205186034898,2.0221272137750868,1.637895025854814,1.6215934954470417,1.775424035095532,1.7388603595768035,1.374496811677416,1.3544639527981148,1.3185430370565907,1.0375784551480556,0.969813942196932,1.0386869378351102,0.8867050519934858,1.119167554313052,0.8337301601603704,0.8036394051202812,0.8371187235631244,0.7954518296434575,0.7839242438125595,0.7570436391733183,0.7136613762520989,0.7903859981853839,0.6573350692678303,0.5744319823639102,0.6314355197591965,0.5958251626551728,0.8265822259212273,0.6379500932196904,0.5737862622048576,0.5193141667719943,0.6404683461466156,0.5119716241544708,0.5581347235626547,0.4883324068139549,0.5768748076451978,0.5657555399125991,0.6545537907289349,0.528857595820065,0.6789985764067485
decomposed GPUCB, count, 12,13.751871076854163,9.83137441651722,9.509524231602308,6.332172086336833,6.484089210584615,5.074800501909166,4.105166418586628,4.126947187419671,2.976532217548347,2.725960343711641,2.3703977332125548,1.8900071496457302,1.9716851664344044,1.5988986083618844,1.5661062287650738,1.7123550326079813,1.7063860406343492,1.3199918198821188,1.312117528878001,1.263241741095553,0.9953836320683201,0.928808598147626,1.0061958673185067,0.8500741355987983,1.0736151627079316,0.8028471622967347,0.775918743372147,0.8006678066779971,0.7631452772608804,0.7473528755731864,0.7244674272915258,0.6824613202745653,0.7479939519566444,0.6265650810307432,0.5475295186480967,0.6016889340220614,0.5655760379693459,0.7802285660880013,0.6024641526194738,0.5458205981565691,0.4926326949201157,0.6021471472848573,0.48655154091856323,0.5284591330685707,0.45814577577952864,0.5429311894736933,0.5330620621612469,0.6151753058018432,0.5005482481629678,0.6328519940905496
improvement ratio, count, 12,1.0041097758420465,1.0025821488817808,1.002782622822091,1.0076936728137662,1.0148812820154183,1.0115199753044792,1.0194647543895317,1.021371220516566,1.0139980409594824,1.0164592208589833,1.0245808814768584,1.0186842515195664,1.0255832159207758,1.024389549962072,1.035430078536704,1.036831732489199,1.0190310505179603,1.0412919163394248,1.032273346699609,1.0437772867710002,1.0423905132858757,1.0441483252104742,1.0322909997664684,1.0430914373943214,1.0424289756584897,1.038466845638823,1.0357262432244647,1.0455256431957265,1.0423334237204918,1.0489345387362357,1.0449657371119927,1.0457169586768396,1.0566743168415307,1.0491090058617187,1.0491342709380096,1.049438479013218,1.0534837451643708,1.0594103597944886,1.0589013312176767,1.0512359997822334,1.0541609846991686,1.063640920719383,1.052245406905745,1.0561549392131206,1.065888703182004,1.0625191899629283,1.0613314660187967,1.0640118102201197,1.0565566811211378,1.0729184434071581
GPUCB, count, 13,12.376124755433777,12.370630089573085,7.985580726323333,6.279757113482148,7.519053363257227,3.6361548627329348,3.3843825379012342,3.0557524395248428,2.6453533133260323,2.7310462470775865,3.0312254865918025,2.116426043591852,1.7673924060619424,1.7872774089426064,1.5672740729331902,1.797703310546388,1.5371129356242141,1.445852095423642,1.4117900617598784,1.2691640244541846,1.0921833076181158,1.139130673188476,1.0079617512641184,1.0973136179619327,1.007571266292109,0.9754380264856358,0.8994865552671201,1.0941684995162009,0.9349919095158301,0.97219696647402,0.7334291114956643,0.7000661597309122,0.7612458896722581,0.8296774406062487,0.8006270004978082,0.6847992005341476,0.794827350596224,0.6331526047083416,0.7898666259385458,0.6663857512799277,0.7122891427742097,0.6833855902757165,0.6489688321835921,0.6528682636916808,0.658264891389387,0.5512531190328908,0.5648126685187812,0.6658101731277533,0.6685928708305334,0.6522239245202636
decomposed GPUCB, count, 13,12.363848747787625,12.35590637641149,7.978476248636317,6.272095473328132,7.506720984684279,3.626132631798787,3.3742306547175187,3.0484310972155164,2.634652162272132,2.7189132004128433,3.016676755949964,2.0966517989949445,1.7583293292694329,1.7740735411867627,1.5520006452039852,1.7664524385534532,1.5231801773593634,1.4325740432555554,1.3840093347923295,1.2501358473591409,1.0838431899327565,1.1161498966969792,0.9823513654683568,1.0745299843030283,0.9914869238148547,0.9575613965282284,0.8845623086645109,1.071943340371295,0.9121988671982181,0.9540151844641539,0.7181763329247167,0.6834275847266327,0.7439459520525639,0.8032610999915754,0.7773880044676573,0.6671903500727723,0.777059047493366,0.6187292151155472,0.7653094063090295,0.6450616954176835,0.688913633098392,0.6630990518440713,0.6288600512369467,0.6333620924294169,0.6406478515059454,0.5326922675344656,0.5451275933016426,0.646886604478157,0.6445353113091927,0.6298702980290134
improvement ratio, count, 13,1.0009928953270597,1.001191633597168,1.0008904554535998,1.0012215439300305,1.001642844938304,1.0027638897833628,1.003008651222323,1.0024016755097447,1.0040616940661615,1.0044624619362255,1.004822767508366,1.0094313441108278,1.0051543682071635,1.0074426834340875,1.0098411220229857,1.0176913180965834,1.0091471504631875,1.0092686672850166,1.0200726442150172,1.0152208875021382,1.0076949486446252,1.0205893281534173,1.0260704944239083,1.0212033484330199,1.0162224453907753,1.0186689125336732,1.0168718997592623,1.020733520427682,1.0249869224104826,1.019058168366658,1.0212382083225047,1.024345776167251,1.023254293637815,1.0328863685978948,1.029893690019136,1.0263925436863028,1.022866091270895,1.0233113117021648,1.0320879626293267,1.0330573897252364,1.0339309726978203,1.03059352652553,1.031976559660758,1.0307978192812948,1.0274987886746674,1.0348434783638458,1.0361109499115853,1.029253301148293,1.0373254329114638,1.0354892532021258
GPUCB, count, 14,15.373817096207587,9.319746617361897,8.503639780723628,6.753743269676527,6.247384410799276,4.965495567499283,3.901420392399996,3.6688905546944466,3.2644636393596644,2.9482446939892424,2.9070874921182446,2.4771504045681247,2.5910472417195543,1.9970019252733964,2.0913433592813817,2.084494144222026,1.7226503202440735,2.031095687844476,1.7550802531625096,1.659402381094242,1.6520079488134933,1.525513064799116,1.3244649206863381,1.3892097257667402,1.2713556331196427,1.4164868092863179,1.1773383786954623,1.3665627042753972,1.2126509425045042,1.0718175628185684,1.1891410246825498,1.1600898897068015,1.149366318138133,1.076124018699507,0.8949346748747764,0.9938199548774203,0.9838083714842231,1.0686157016795388,0.8993924413191577,0.9354078544884842,0.9216675957237835,0.796668768439091,0.825761320314052,1.0216139067289152,0.9146494569434239,0.7891537324425728,0.75041412603805,0.7036575591906676,0.7293806314888076,0.8351122298247076
decomposed GPUCB, count, 14,15.149031196135034,9.246247747121409,8.357138050222607,6.4544188070988655,6.015032050433975,4.537724556028518,3.649447773060201,3.433151148133131,3.076697320607039,2.7470625026509716,2.623604707780105,2.2730316018511543,2.384382868175696,1.8150240850974775,1.8698717931679336,1.8271300522126361,1.57885018794295,1.8698909214672776,1.5666986776974972,1.4714171073137685,1.5021401083245278,1.3581490666313958,1.1914886914759795,1.2479157538205146,1.1518429500592091,1.2546432503244114,1.0470124574972306,1.2095466252649087,1.0920419465687137,0.9695915097061534,1.038630464710153,1.029329710143068,1.0137983229744436,0.966369076610753,0.8164960549531759,0.8917148502176149,0.8796153138107909,0.9198286533014053,0.819043106063857,0.8336860321159728,0.8170370659582732,0.7043160466746003,0.7345759904195407,0.8916171984878078,0.8060247961478917,0.7061286537984957,0.6790783910571793,0.6344091955353018,0.6533511750793556,0.7376693846098308
improvement ratio, count, 14,1.014838302011676,1.0079490483329705,1.0175301316815173,1.046375122458501,1.0386286155114564,1.094269937760426,1.0690440403613466,1.068665606723871,1.0610285313069336,1.0732353891271589,1.108050875003194,1.0898002485098475,1.0866741563623037,1.1002619423456002,1.1184421129419955,1.1408570187424396,1.0910790228226008,1.08621078616217,1.1202411019723766,1.127757977561958,1.0997695485650314,1.123229476262743,1.111605112294966,1.1132239668532526,1.103757793590081,1.1289956797839218,1.124474088407469,1.1298139945420456,1.1104435560508954,1.105432083603327,1.144912521908742,1.1270343003560626,1.13372284417076,1.1135745593947255,1.096067359353131,1.1145042102134866,1.1184529828409109,1.1617551789065432,1.0981014731220218,1.1220145455889814,1.1280609339832006,1.1311239779365105,1.1241332838042153,1.1457987895047146,1.1347659046156708,1.1175778354234152,1.1050478647536057,1.109154098242437,1.1163684390714037,1.1320955528965275
GPUCB, count, 15,13.038618916068456,9.502526531071538,9.50690055874203,7.359225701250689,4.970376332408503,5.781909631434046,4.407373910427347,4.00607619468257,3.2836310040624577,3.072912886037075,2.614466817088696,3.455466917017848,2.549317623653323,2.1448276853082304,2.202435451662303,1.931586342439105,1.9167654507527334,2.0370858807085255,1.446478765264084,1.5709800690903752,1.756893704703854,1.3436915692891722,1.3757929772948545,1.2716381258154632,0.9365845831327562,1.1406919824636688,1.079248753857334,0.915577833088247,1.1161146363170542,0.9157178287266136,1.0788414213636752,0.9522653054317887,0.9216538345028187,0.7832624232484177,0.8723530183658863,0.777736133932797,0.655188048955957,0.8006848293792973,0.883536527952341,0.7474561962009312,0.71000903076133,0.6844492825472284,0.7723256192247484,0.8362505960100989,0.6331676924933892,0.5801241833751594,0.6566447456858491,0.6350028771895643,0.548291044751797,0.5267796255495661
decomposed GPUCB, count, 15,13.016506182134277,9.488405188348715,9.494183328914321,7.340565158227781,4.932610794041587,5.762718021969461,4.394200429124416,3.981115395231546,3.261936200075167,3.057244019916108,2.60184413659596,3.4304731642888626,2.5277132349378553,2.1286853458908346,2.1715537759489494,1.9062418103765149,1.8955762282188862,2.014806513172477,1.4350229090944822,1.5336859221227424,1.7145794652830104,1.3160266870888813,1.3561970356958293,1.2504265359451956,0.918883914818921,1.116921505789643,1.052593403239594,0.8924333515370647,1.0888807279666284,0.8893241014132643,1.0480179652477326,0.919749675459903,0.8982971634738597,0.7584704970196308,0.8411492633244957,0.7532370064862962,0.631480724178703,0.7738216547361726,0.8450316092928022,0.7163184386267818,0.6774343255673105,0.6500625389290543,0.7382568228590936,0.7942500784653214,0.6003088799224406,0.5534131986410431,0.6273645359857966,0.6039465316404193,0.5223889466401415,0.49955603863643944
improvement ratio, count, 15,1.0016988225277017,1.0014882735762765,1.0013394759072094,1.0025421125786196,1.0076562980425166,1.0033303051427156,1.0029979245406326,1.0062698005390451,1.0066508977051085,1.0051251604447973,1.0048514360699754,1.0072858033081762,1.0085470093746607,1.0075832435491496,1.014221004358899,1.0132955493498406,1.011178248713193,1.0110578198900935,1.0079830475855125,1.024316678160555,1.0246790774517174,1.0210215206664897,1.0144491848037192,1.0169634834678503,1.0192632257768093,1.021282137151814,1.025323501492316,1.0259341288750805,1.0250109196085069,1.0296784122587095,1.0294111905883756,1.0353526952381111,1.0260010517439853,1.0326867377521016,1.0370965729887978,1.0325251245431826,1.0375424361655494,1.0347149430087783,1.0455662465594195,1.043469155469238,1.0480854069016066,1.052897593014396,1.0461476214113599,1.0528807219332386,1.054736509270351,1.0482658975241421,1.046671764214475,1.0514223427441345,1.0495839321988922,1.054495561673991
GPUCB, count, 16,17.015978730207046,12.296098256560624,10.169679194329545,7.7384460163687425,5.462197863017232,4.8420954779708785,5.0212996273477,3.153707266572475,3.5714658274349205,2.7357902000250576,2.7885441515984137,2.5394781871724534,2.2744410611132144,2.2704611176504588,2.5945083874444284,1.7327974197590508,1.6551450387382147,1.4595371800519683,1.5161000472666581,1.5571363386391608,1.2349038045152978,1.1283072565017256,1.0372777173309078,1.0654939261249925,1.151885036139152,1.1645837185864854,1.2138570731158316,1.0330061306714464,0.9098534378770579,0.9333703673104251,0.6977079934647182,0.7338406995097728,0.788507043989549,0.6287775526301845,0.6827810509522921,0.7020193739155504,0.5725735088312092,0.6917623297930986,0.7020337678873291,0.7734646451071443,0.596838845712194,0.6522947496049576,0.6602213976169662,0.6148840400522474,0.5692013950239516,0.6377409830711259,0.5852876850593305,0.5357312816678014,0.5401274946456199,0.51038506576969
decomposed GPUCB, count, 16,16.995063561258313,12.287548796276853,10.158082489470024,7.72259752901305,5.449237965122765,4.824529661214204,4.995197242262746,3.131592072650538,3.555760479551303,2.723815798084264,2.7673037989558162,2.529058066963917,2.2505000013203547,2.238012118436973,2.573471957502894,1.71261481139798,1.613113414813594,1.398142521351555,1.472826244573474,1.5187018506626357,1.2013821171813683,1.1028682147894935,1.0191021559869067,1.0241110023301903,1.090984904338243,1.1153585431397188,1.1447361440389265,0.9895003496170207,0.8723277643367091,0.893677076098824,0.6624521553067113,0.700038026705219,0.7516870248575506,0.5957401311603664,0.6387657427114468,0.6561941000460185,0.5390142009639054,0.6515267008150317,0.6636210037035162,0.7180455351493445,0.5496597512701856,0.6041720630247772,0.6025603997211343,0.5677210807348461,0.5307866622511377,0.5922027172023492,0.5382675955627185,0.49299040328959554,0.4970815335968837,0.47296441648829796
improvement ratio, count, 16,1.0012306614137303,1.0006957824075018,1.001141623418745,1.0020522223638033,1.0023782954566152,1.0036409387008003,1.0052254963756206,1.0070619650991832,1.0044168745262616,1.0043961863901425,1.0076754683206852,1.0041201585462391,1.0106381069890307,1.0144990274834385,1.008174338127215,1.0117846746546564,1.0260562112611764,1.043911588241422,1.0293814717470058,1.0253074610791812,1.0279026022233264,1.0230662570297102,1.0178348767463845,1.0404086311939258,1.0558212414844081,1.0441339475539393,1.0603815380835522,1.0439674236307894,1.0430178598853632,1.0444156981007888,1.0532202029619537,1.0482869094464033,1.0489831777247665,1.0554560952700447,1.0689068077665032,1.0698349373551486,1.0622605263595848,1.0617559171830315,1.0578835871219268,1.0771804951705093,1.0858332710972274,1.079650631873402,1.0956933079613553,1.0830741730716686,1.072373206609774,1.0768964149369427,1.0873544866609628,1.0866971813102388,1.0865973852161748,1.0791193755319601
GPUCB, count, 17,13.44722298728424,12.480698118906606,9.906942866073205,7.001151773052819,6.858651066506598,3.601173464895751,4.000570043448766,2.913158873984984,3.1039642511265804,2.49364371069335,2.799316401606744,2.7688687150513043,2.5292448627762596,1.703206445732942,2.1552095941634843,1.6335927713284846,1.2076444090573741,1.4728876679708942,1.499250990347137,1.4068328659469698,1.1541786306480777,1.0424369022374813,0.8757854353794401,0.9560295138363829,0.7847118022942913,0.86666997409487,0.8242717056024647,0.8041710088057205,0.7515163874121568,0.8630929848023309,0.642916464307842,0.8783761545698423,0.6959925585803485,0.7578659559255803,0.8170303439620615,0.6978263331987801,0.5528305851262989,0.7033472357501266,0.47597705594557954,0.7039475696986458,0.5429283610106179,0.5721725382649179,0.6124039519968526,0.6232583003774312,0.6211163474583091,0.768331893986094,0.5899593568718763,0.44473879350673096,0.46566007275913485,0.5462576008795643
decomposed GPUCB, count, 17,13.418724606097127,12.471657556770763,9.875084098034483,6.974188506114118,6.837111397960432,3.5581265507846935,3.9404611144845854,2.8926643942359322,3.0726285980919266,2.464799066827119,2.760469630601415,2.7194564716576997,2.463148436413121,1.6683687800971583,2.076742699791499,1.5933806996727666,1.156084848235484,1.4237491491410552,1.4399373312874426,1.344668962633743,1.1202692951777744,1.011765949178358,0.8465147091188344,0.9147234731023843,0.7587838759971735,0.8326201102911684,0.7913751452848173,0.7750588574929792,0.7174756111686659,0.8225069581067739,0.614819822593647,0.8347785815870716,0.6586859949660855,0.723351259395741,0.7754986602591295,0.658660906827663,0.5256882436462124,0.6652192951836892,0.44756401929822576,0.6586187810760387,0.5168164495701031,0.5405043218140104,0.5730575799095368,0.583207917928121,0.5842136675843204,0.7200074738860437,0.5527244765293143,0.4181469865132559,0.4379288989465216,0.5118542872745722
improvement ratio, count, 17,1.0021237771862583,1.0007248885799414,1.0032261768834012,1.0038661511536522,1.0031504047970596,1.0120981964797076,1.0152542880687818,1.007084983584646,1.010198321090324,1.0117026350157468,1.0140725225065654,1.0181698967821626,1.0268341222908146,1.0208812740033142,1.0377836379922576,1.0252369516362136,1.0445984227719831,1.0345134666872209,1.041191833679777,1.0462298937810457,1.0302689144621449,1.030314276818696,1.0345779298874493,1.0451568610062063,1.0341703706645637,1.04089483713262,1.0415688570883885,1.0375612136179024,1.0474452033122676,1.049344295869517,1.0456989847784477,1.0522265112503049,1.056637857642903,1.0477149878174976,1.0535548103836239,1.0594621996920255,1.0516320115736757,1.0573163479208898,1.0634837373475756,1.0688240146273233,1.0505245362492528,1.0585901262447344,1.068660416451567,1.0686725629370595,1.0631664096914724,1.0671165534424698,1.0673660782608514,1.0635944006561244,1.0633234615923342,1.0672131004082757
GPUCB, count, 18,14.161390392572136,17.501501767545065,10.143771218354624,7.239995320447201,8.465622844352332,4.256467538265604,4.046096051684557,4.1273821425461685,3.0538831292060915,2.700191793219616,2.986852277787022,2.7834567568037527,2.319898502872051,2.5523271125426765,1.8120512540046663,1.6642555164749233,1.845921071129838,1.5513589293224963,1.3441281457916416,1.4115188795257043,1.4422981431112387,1.2991992609226695,1.0538514148504246,1.2494503867034337,0.9907220305259213,0.9497134349596876,1.1710369364908906,1.0711759080414285,0.9678402256850526,0.797917584464765,0.8824363360228408,0.777103801865852,0.8624616963159447,0.9182582371867736,0.7033391628547188,0.8212209842964225,0.7440070802849427,0.7000643557310814,0.6506087408677865,0.6158823806141557,0.6600439595217593,0.7519924378254434,0.5986572266406365,0.6889184934016712,0.6148491986346589,0.5941934040122361,0.6799158463129886,0.5341542225224518,0.5683906851621751,0.5616650151345106
decomposed GPUCB, count, 18,14.120893533559306,17.44235165534392,10.114112816904857,7.15357867183742,8.410958922814752,4.189920350125683,3.9699180242108167,4.054590596528246,2.9915486309742243,2.6488509223859174,2.9473214336426343,2.7242613167610075,2.270640118997577,2.4956861670331034,1.7484438715392108,1.5995097016137607,1.785886807455221,1.4793366202346996,1.2948465506006086,1.3554380757867517,1.375254869390923,1.2483286311441957,1.0158474433622824,1.188422981562078,0.9458125048600102,0.908042141907879,1.1118378071489938,1.017768894147876,0.9266223551685491,0.7644426512656758,0.8436673587315754,0.7353251431077265,0.8186017569741252,0.8661646722139265,0.6704446955354031,0.7840341338304725,0.7013907925083378,0.6630451606919011,0.6175557831319343,0.5841602733908956,0.6248447950657021,0.7103165768584769,0.5699527420507496,0.6461053606629233,0.5783160564592509,0.5618660575796702,0.6371217356699543,0.5017252014197083,0.5373465993002139,0.530343024814433
improvement ratio, count, 18,1.0028678680224157,1.0033911775986366,1.0029323779541193,1.01208019825797,1.0064991307220992,1.0158826857264542,1.0191888162448604,1.0179528720064241,1.0208368660921843,1.019382317970335,1.0134124645154605,1.021728987479485,1.0216936111814232,1.022695540111483,1.036379424870791,1.0404785383895077,1.033615939948715,1.0486855446574224,1.038059795709518,1.0413746704779567,1.04874970829953,1.0407509917735738,1.0374111011810547,1.0513515861676965,1.0474824824530715,1.0458913646499417,1.0532443931671085,1.052474598310717,1.044481843424775,1.0437899862647189,1.0459529183984944,1.0568165785567392,1.0535790926029076,1.0601427957569494,1.0490636551207955,1.047430142211118,1.0607596909337789,1.0558320869132805,1.0535222220221534,1.054303773584468,1.0563326520986,1.058672234781971,1.050362920417937,1.0662633919254598,1.0631715854459978,1.0575356813184644,1.0671678711416663,1.0646350253305605,1.0577729270128253,1.0590598704131864
GPUCB, count, 19,15.329562847122618,11.02922889869984,9.634888594875774,7.7046300606701665,7.064157321439139,7.240266598180576,5.271811586419728,3.681041822063994,3.2706029045634315,3.7162152475393744,2.734860645771918,2.9993374347195703,2.04354218361522,1.859774382697079,1.986677276202707,1.8058842998544793,1.6426587219150608,1.538662771802336,1.6716248430322496,1.5342814999510759,1.142262665744093,1.0637700884543322,1.1316659445782558,1.1468232628378106,1.0562519888702473,0.961390524411591,0.8763699617398245,0.9048461547683624,0.8725386774075887,0.9059538912140027,0.7906971838605105,0.7084711267315924,0.7515465957650918,0.6762156460505436,0.8636682025753116,0.6952894829780839,0.8358245701362884,0.6449818766768897,0.5992055854953466,0.5924586249476553,0.6743564886331544,0.6262364104976839,0.650937956427244,0.7267817853057638,0.6956985596882407,0.6048458416364877,0.8425789273397429,0.5798731012967107,0.5734238829281006,0.5794497313390726
decomposed GPUCB, count, 19,15.308816832917367,11.014298714891895,9.612403846113063,7.67261897482167,7.022233684445122,7.18156533443196,5.224957608075702,3.6532128523701908,3.2383826261846727,3.6688220990162272,2.689934638260487,2.9544232219886317,2.0089631782990804,1.8081747664161782,1.948022911081172,1.7367422670210977,1.5747042744466655,1.4794260078461343,1.6172467151452974,1.4660034000589253,1.1041699476981235,1.0344467325123963,1.0933800906962825,1.101234291016627,1.0255123557527066,0.9329961269033241,0.8416934776127782,0.8718944187180274,0.8488083691068544,0.8682061029050654,0.7599624737374954,0.6796170491298046,0.7196551065454609,0.6528024018186618,0.822701344976485,0.6609802313779651,0.7931739121755819,0.6145852289583348,0.5694019493349202,0.5669497547048064,0.6430554324413632,0.5942928320981157,0.6173405961418263,0.6839661493850765,0.6551719380537083,0.5723975396420434,0.7841468916051518,0.5446657589714519,0.5392375106862484,0.5456665420389684
improvement ratio, count, 19,1.0013551677070591,1.0013555274098167,1.0023391390044232,1.0041721198398543,1.005970128434615,1.0081738814610754,1.0089673413372022,1.0076176699301131,1.0099494970477654,1.012917810469975,1.0167015238483577,1.0152023624769326,1.0172123639147117,1.0285368523216214,1.0198428698664952,1.039811337667261,1.0431537835840787,1.0400403694689966,1.033623891381388,1.0465743120987347,1.0344989628864487,1.0283468979313388,1.0350160517899976,1.0413980677800154,1.029974902735305,1.0304335641804965,1.0411984707608715,1.0377932641188194,1.0279572034918838,1.0434779117338973,1.0404424049675267,1.0424563769239357,1.0443149627225166,1.0358657446214263,1.049795539838333,1.0519066228782565,1.0537721391311532,1.0494587996689644,1.0523419988204081,1.044993176257975,1.048675517867809,1.0537505698778047,1.0544227295197983,1.0625990569258155,1.0618564674105595,1.056688402285475,1.0745166962467714,1.0646402711118548,1.063397615270395,1.0619117843910093
