GPUCB, count, 0,10.70798249756358,3.315439726173944,1.3791108650367947,5.134784332169747,2.4030274842991344,1.45775682488356,2.102614734376466,1.0597134919221916,1.4044421861401146,2.619656511793244,0.7491973989772133,0.6194006616845126,0.6165009642392639,1.2704311392285867,0.6654344097807224,0.6590488133437293,0.5295405214623153,0.5170339264332467,0.6286525375102014,0.4658803609439592,0.30297073648509826,0.49030124440290446,0.7798724810673029,0.382346230388314,0.4678045763742946,0.24874411539492186,0.5001899132487299,0.7022100604177937,0.5203160959493907,0.4544393837902044,0.9841769007530563,0.39587615994478653,0.47340430281556667,0.6018706500448858,0.34740085684591415,0.3089275813991838,0.24801752723507234,0.6152839923194917,0.40969971873510813,0.4112094869979228,0.6467762060558073,0.7970278948253203,0.33355660705851825,0.44087807405293405,0.24202198901956276,0.4113929503979646,0.23761860303300203,0.2725016863803594,0.5102110245731013,0.35151989601232514
decomposed GPUCB, count, 0,10.70798249756358,3.3152733453473675,1.3802711130503602,5.344982312965927,2.437076209001246,1.414562433381085,2.1453362558536972,1.043358005459779,1.3830728588298415,2.6394843295234516,0.7348477989949336,0.6260624785122882,0.643405212791244,1.233494105660994,0.713295982025757,0.7624970647432179,0.5819327487273673,0.4516448774511712,0.6098424099731429,0.3227158075043646,0.3764273533252417,0.46020361998804854,0.7563939384203732,0.37622350307742225,0.4958017945015913,0.25595701068815163,0.45086003445395495,0.5109935111795226,0.46855406819210366,0.4857045101422516,0.7345078267428616,0.3632777030196263,0.46754323606163195,0.5169572480474331,0.3421662915680903,0.2587448230233281,0.22107551609131726,0.49100914043771554,0.43860068391184237,0.3880067037897986,0.465288215619649,0.724780944568468,0.3631377634852456,0.417017505249799,0.18711093355602748,0.5439928039262332,0.2133514923697638,0.24085322628549874,0.49920273786971936,0.3822051976444247
improvement ratio, count, 0,1.0,1.0000501861563873,0.9991594057119682,0.9606737743011274,0.9860288633665398,1.030535514363429,0.980086328490155,1.015675814415403,1.0154506157602954,0.9924879956632335,1.0195273089228898,0.9893591821001537,0.9581845965542258,1.0299450426216663,0.9329008245509699,0.8643296398336612,0.9099685876424227,1.1447797866126468,1.0308442430854996,1.4436242356602202,0.8048584509301712,1.0654006685467567,1.0310400988881026,1.0162741754856068,0.9435314304268683,0.9718198955604397,1.1094128443975284,1.374205435205796,1.1104718351011413,0.9356293266807624,1.3399134289927717,1.08973426294594,1.01253588182198,1.1642561397836548,1.0152983078895197,1.1939469079593192,1.1218679102059699,1.2531008929304044,0.9341064292947084,1.059799954437628,1.3900549903127486,1.0996810840548077,0.9185401260865306,1.057217187534711,1.2934679145678731,0.7562470448667011,1.113742399425922,1.1314014372277732,1.0220517354339007,0.9197151116174854
GPUCB, count, 1,1.679361206762433,2.4304328077429345,1.2311165137438693,2.2450416436877787,1.118476744243474,3.3606102310856323,3.0354757802325696,1.3866316371495835,1.612081623237896,0.6403933142698525,2.002902165971223,1.2423904881922367,0.9140297100019181,0.5410389482396079,0.913591472443469,0.5124776131879015,0.4222697364185494,0.4213630528060232,0.9946065014563221,0.6130010335001634,0.5179363724585974,0.877318748995988,0.4272556708361372,0.5706705057086747,0.8833974345964587,0.24869428782319442,0.6934543284388311,0.37816874967084185,0.5178106795737021,0.42451932831984307,0.5791188607902128,0.6044113156215527,0.6499530730260531,0.4974685341480404,0.7881532338828583,0.49384886953602053,0.44289827354649125,0.8965410506114115,0.2613345106058191,1.1232384255135213,0.29325231696422566,0.591020453384472,0.42249253473388027,0.5087842160674442,0.3760041450812571,0.7305917615350916,0.48450940570359047,0.4905351174047837,0.6122695106057672,0.31299275263290405
decomposed GPUCB, count, 1,1.679361206762433,2.4222074432667346,1.212166536447233,2.1572852257550714,1.1264181485011289,2.9195547299264266,2.533033814965802,1.3696180289140063,1.33312368149148,0.5949459932826299,1.8126658806535572,1.030115173421691,0.9491553679529444,0.4819402462211115,1.4997429930603876,0.6106825101245222,0.4168913044723479,0.33818151687442194,0.8399598031938392,0.5092723824356818,0.3510471837602454,0.8611381792130673,0.47490755055262146,0.6482015577280623,0.8354072421378435,0.23705658922572878,0.6530086953303235,0.3715485318125493,0.5071539087818284,0.47900678816072423,0.6696459741577516,0.6126590193131148,0.3905631989650022,0.6063532203376537,0.8624173163480499,0.4937337187570882,0.30632810604885824,0.8679089627358335,0.27474767382332277,1.2989042567638176,0.27581509535221344,0.6533453292294503,0.5064176501197937,0.3082669958689567,0.3233860284843018,0.7977670968616386,0.4026868306968336,0.4263632404763189,0.4791067562648264,0.3118385521058716
improvement ratio, count, 1,1.0,1.0033958133928886,1.0156331467062087,1.04067909838023,0.9929498612320636,1.1510694410480602,1.1983558065029427,1.0124221555765205,1.2092513587593927,1.076388985723672,1.1049483456096587,1.2060694961568614,0.9629927205418621,1.1226266170586265,0.6091653547780123,0.8391882929206601,1.0129012811936888,1.2459671264721701,1.1841120225925796,1.203680102518777,1.47540386711187,1.0187897484672053,0.8996607241535018,0.8803905188208234,1.057445267455195,1.049092491524815,1.0619373576458249,1.0178179088099115,1.0210128929450055,0.8862490862601333,0.8648134732962451,0.9865378564069635,1.6641431521158103,0.820426968081443,0.9138884608907593,1.0002332244579573,1.4458296995961923,1.032989736372031,0.951180066310119,0.8647584451775047,1.0632206935220316,0.9046065333956183,0.8342768752904627,1.6504660663826844,1.1627099254830966,0.9157958060807344,1.2031915840534595,1.1505098724195222,1.2779396295286953,1.0037012759302468
GPUCB, count, 2,3.279444138034261,2.1298110445718508,1.5820508592840312,2.4890279920784177,5.206348581003256,1.8555105799243898,5.3468150771151635,1.9449863231037792,0.7187055795410888,1.2791580875314332,1.1788690238645176,0.8756154576919679,2.789674770393362,0.7218271432610507,0.8531294005992881,1.6879818836453535,0.8783195351826969,0.7688432421333166,0.5207122185951144,0.6376122345267433,0.5198374594763292,0.8566996715459545,1.0183742651617704,0.5180458868735037,1.106050151743758,0.3625241394588218,0.33133027306108503,0.5565341677692288,0.776001968468791,0.2756148424283286,0.23968288479853486,0.4421366861026746,0.34420105722538524,0.3427678146336855,0.21881692457417984,0.9784226219305582,0.3574665203666003,0.5623386654109906,0.2327148912322721,0.47564794181649767,0.37697587520905224,0.4881688074784091,0.46317834777969114,0.3852313589023273,0.2746194982528209,0.31717572153718004,0.3590456145597252,0.4503927637377934,0.3068340842977181,0.2928118298283035
decomposed GPUCB, count, 2,3.279444138034261,2.129002552193633,1.507792939442229,2.2828741593044315,4.253909661269066,1.7928109854691188,5.023664511088586,1.5624527272932187,0.6611436587014864,1.0055404375212893,1.1754940805653753,0.7021448874146811,2.1846679039954906,0.5068959122919409,0.9422853640245391,0.6143090354442429,0.7298253071649835,1.1729412800551768,0.4535726874958217,0.4829338135730667,0.33941993977794654,0.6419247033812023,0.7341220807954411,0.39306012617888236,0.7444682184039614,0.37069361886597924,0.300488344725273,0.49536710000863016,0.8146044807730961,0.3092200317836382,0.3462775443876715,0.3475315254599134,0.38151511197437926,0.41765651770193346,0.2642547202576681,1.432490643046889,0.33424257340338887,0.4897975607721531,0.18081245615176691,0.3833663569691604,0.5869880059418405,0.4343472217454551,0.3548994104082122,0.3123535455814022,0.21499841875720763,0.3826936083099573,0.32877865012676066,0.2932797239588681,0.2115243410607486,0.2969139665646442
improvement ratio, count, 2,1.0,1.0003797517186557,1.0492494147566922,1.0903045101867548,1.2238973075535529,1.0349727857333855,1.064325666117492,1.2448289085028887,1.0870641653776978,1.2721100413272548,1.002871084895229,1.2470580835758995,1.276933105160463,1.424014527947747,0.9053832662279054,2.747773166684216,1.2034654410581367,0.6554831475426878,1.1480237522015944,1.3202890677901853,1.5315466139567828,1.3345796898506483,1.3872001562169802,1.3179812765788919,1.4856915639931267,0.9779616400407717,1.1026393498357143,1.1234782603841333,0.9526119568263735,0.8913227284743855,0.6921698755325593,1.2722203705622488,0.9021950806721915,0.8206930817689445,0.8280530404937213,0.6830219985587243,1.069482312581357,1.148104258674703,1.2870512141980988,1.24071383200368,0.6422207462385585,1.123913733157238,1.3050975408692125,1.2333183482366856,1.277309385995726,0.8287980636464878,1.0920587891619336,1.535710541656675,1.45058522701932,0.9861840896748535
GPUCB, count, 3,1.6029192445662181,3.349407350074395,2.8486652987032612,1.4568130819294933,6.405854745856306,3.1828331946672344,2.335830330692258,1.135161681908019,1.1423214563734636,0.7559936554452872,1.1532159623261076,1.340079978821872,1.5300221514275696,0.6200754535771255,0.5634620938051081,0.562684753674441,0.47085915920556237,1.8147028308098678,0.5731814943447567,0.593902382415883,0.8967567595648641,0.3537215726765337,1.3455466820418571,0.865821946638325,0.4411524303318538,1.8038465251834923,0.3623215749618008,0.6837501091611262,2.6508711385035837,0.4128294816342351,0.3237798763749214,0.5815062515438372,0.3437744120487997,1.7472619668207947,0.3292778442941656,0.6437458448415437,0.47663653154526137,1.3747021083714699,0.5485288299204492,0.2616035456146387,0.5209332377041276,0.31381053240683277,0.5539454474245032,0.28840584657292057,0.26189309545417927,1.4788954170591333,0.6405171572471257,1.4827130534086654,0.1990793771852913,0.47306885629813755
decomposed GPUCB, count, 3,1.6029192445662181,3.351050940828073,2.8475199985109967,1.46191978440121,6.325021199128637,2.314798762183519,2.102065013553313,1.0156360201728047,1.173211946291752,0.7858343170211224,1.0833574648520177,1.5302238691560184,1.4536471095582892,0.8295873531128451,0.4946604673911709,0.4667986019573499,0.3885325686255766,1.5999274059905289,0.5987941529190743,0.4228564102421735,0.8106271646269476,0.30473175162799543,0.9699564028538884,0.7521543718168862,0.3845932769870102,0.9841412906032079,0.4227120934520986,0.5817343124253005,1.6216187071801678,0.4492565420073678,0.340844574485427,0.505008973703254,0.3480807262488894,2.6071876933795948,0.309626726210189,0.9167222627130197,0.4178417737491752,1.2318729061567384,0.3962762159050314,0.23444128525793095,0.5351081904488983,0.42360311262446804,0.4542367872697806,0.3670699096659442,0.24137589528542128,1.194896030258675,0.5277748071474925,0.7838081934153325,0.33592624005688304,0.4466984841004526
improvement ratio, count, 3,1.0,0.9995095297616479,1.0004022097098049,0.9965068517943286,1.012779964553922,1.3749934753139879,1.1112074629622373,1.1176855284385028,0.9736701539598824,0.9620267772360047,1.0644833305169796,0.8757411290159665,1.0525402908086048,0.7474504658857538,1.139088588940199,1.2054122512685932,1.2118910928656865,1.1342407311826561,0.9572262714165496,1.4045013106830992,1.1062505658536048,1.1607637562768423,1.3872238773648744,1.1511226672084165,1.147062251810382,1.8329141784894158,0.8571355789773702,1.1753649295853172,1.634706806702534,0.9189170174119906,0.9499340773246334,1.1514770663967118,0.9876284037714558,0.6701711469632966,1.0634671248328755,0.70222560422651,1.1407105787162868,1.11594475493445,1.384208306995405,1.1158595437950445,0.9735101181447448,0.740812621660388,1.2195081132772798,0.7856973262542476,1.0850010318739445,1.237677069476059,1.2136182867632144,1.8916784308517556,0.5926282422938465,1.0590339415428929
GPUCB, count, 4,1.8873446789580177,3.7407034867789335,2.379725887218382,2.887105843575506,17.763781030250122,2.690237225705093,5.225406765600074,4.418301254801844,2.082808974605446,1.3919501464908732,2.0537012596552544,0.7474859505239398,0.4782513144839274,0.8417104903916953,0.5236342485397921,0.7774413333213174,0.6393534421026847,2.9396464472576826,0.5699156940988921,0.7776622103847373,0.5229284145367757,0.5565106412647691,0.44826515119778376,0.3064756196964893,0.47187682960067434,1.5782603084830675,0.9712873454946678,0.5742150779805174,0.4422274662385038,0.46908194943302495,0.5476692217299303,0.2618059799262309,0.47336918600786476,1.0903269056999925,0.4313187230381557,0.41770556531029446,0.434133309941682,0.4332241788688874,0.9198003709502475,0.42235104465190215,0.49635166318012125,0.43976190765090395,0.3448051618872575,0.33288344757800725,0.30864641194578896,0.6852733842127863,0.3522296928154318,0.22941277211026337,0.2625999382947923,0.2075885964368061
decomposed GPUCB, count, 4,1.8873446789580177,3.748724434778468,2.4022744553990805,2.673123127738266,16.228124686077656,2.669800787553128,4.710300943667538,3.9805240428445687,1.8891528779839617,1.365993751878705,1.9133583898808184,0.5928714892734935,0.5897511975755007,0.8233534469267827,0.5137593214024987,0.6446483429870554,0.7413685807929844,2.1779568308369406,0.6021368268107051,0.6091131935169877,0.43939852309394256,0.5106621965400004,0.4676674949200059,0.2623778494299145,0.462696290470834,0.4628726195462184,0.6802455077283387,0.5191983184521366,0.37610411268933,0.45212280294318646,0.5058558886325392,0.2304632794457638,0.6560209714600355,0.8194129016237239,0.6590338777815957,0.3707150380494078,0.2951563358701435,0.42329773137865234,1.2862176646510455,0.3655153458378916,0.47118014828091803,0.4112798726455712,0.2763061870542662,0.19343061449922874,0.31140254518431615,0.4879682757505559,0.17473945373535155,0.20564588853313986,0.2287208243271304,0.25542652621824763
improvement ratio, count, 4,1.0,0.997860352730886,0.9906136585975758,1.0800497042641994,1.09462931631835,1.0076546678116367,1.1093573060602502,1.1099797934254985,1.1025094892416263,1.0190018399253067,1.073348971377588,1.2607891660297434,0.8109374197967628,1.022295459542231,1.0192209206255103,1.2059929134680618,0.8623961935624761,1.349726682198766,0.9464886861637805,1.2767121426061327,1.1901005284557469,1.0897823356328618,0.9585125245329678,1.1680697145829533,1.019841393412725,3.409707642742684,1.4278482319394588,1.1059648261042136,1.1758113014940443,1.0375100445707215,1.0826585872320742,1.1359986743043944,0.7215763010660128,1.330619646748829,0.6544712458334274,1.1267564636928051,1.47085885404365,1.0234502733050455,0.7151203067948783,1.1554946993640522,1.0534222738182848,1.0692521975902227,1.2479096670373806,1.7209449933238699,0.9911492912272253,1.4043400324718869,2.015742210965675,1.1155718879023127,1.1481243086077983,0.812713540407441
GPUCB, count, 5,2.531476185047449,2.5526044394565592,3.6010681846600416,2.546545868640363,2.1971679703341276,3.0252599121474573,2.1027469073300464,2.214236622946578,1.6542124458104968,1.2572146248551668,1.0321277847870047,2.263005200180745,0.7758333038203803,1.0614125932877982,0.6606117427704455,0.6939983499966117,0.8861613358214191,0.5715672666865323,1.1208111179511808,1.2549461347495898,1.1108003934172097,0.7209923454457243,0.3091726933163357,0.35386759831933184,0.4435114504759838,0.539539533916444,0.3411390146689772,0.6499714548671649,0.37405939441355324,0.308062187819735,0.3946802691609315,0.5064750803331998,0.7113627268725481,0.4557996969706644,0.38672718509413023,0.6077613568550584,0.5234392312344275,0.7170835026687287,0.8846408350299144,0.473361400996531,0.5863528810827994,0.32649704803523383,0.37799243749252326,0.27234780675514425,0.48219565229437317,0.5178985360353477,0.26077724285441944,0.463766459270402,0.4388988006438765,0.16464011139257104
decomposed GPUCB, count, 5,2.531476185047449,2.5208730711316703,3.499780206338677,2.5512140071937015,1.8519971336247667,3.193172872589407,2.054985822104803,2.1571081557216596,1.761975473584057,1.2658910544016257,0.8130436821260401,1.736825690636074,1.3960627961061474,0.8649464444951053,0.6497835205747524,1.1018932587896781,0.8495240706684786,0.403496734645355,1.1142956548797234,0.9890859437641045,0.7758526875592695,0.555118013983948,0.29780135397031304,0.28844389521496716,0.4815580998356484,0.46035857405589753,0.4283062099186526,1.0536502197779278,0.36312569812277823,0.2690563677234315,0.3317601453137879,0.5204995393021663,0.5355838865873547,0.45639859300732755,0.4074442653716729,0.5897380757782746,0.33605510190476007,1.0041543991191386,0.6850316936763903,0.3808514151156844,0.5440432722530645,0.29030628179050066,0.44595948266249663,0.21787463004978685,0.524833937288674,0.4256424611148701,0.27946992769666146,0.4513435995172682,0.4378726628710812,0.16222466102625838
improvement ratio, count, 5,1.0,1.0125874518190812,1.0289412398349802,0.9981702285499469,1.1863776300958877,0.9474150109806658,1.0232415643511956,1.0264838214409355,0.9388396550410784,0.993145990315446,1.2694616629798763,1.3029547020069523,0.555729517314199,1.2271425589908935,1.0166643533620479,0.6298235736181025,1.0431268123151722,1.4165350487629085,1.0058471582859765,1.2687938218732715,1.431715596567232,1.2988091311815595,1.0381843104284751,1.2268160435692588,0.9209926084253393,1.1719984471298937,0.7964839331509322,0.6168759258686017,1.0301099491093526,1.1449726703231138,1.1896554626464613,0.9730557706395492,1.3282003896816705,0.9986877785211457,0.9491535848255358,1.0305615014818206,1.5575994182727009,0.7141167765612206,1.2913867244335409,1.2429030908359537,1.0777688301419788,1.1246640824357022,0.8475936765282083,1.2500207421713563,0.9187585215724178,1.2167454691405426,0.9331137879617188,1.0275241739695002,1.0023434616038074,1.0148895386868566
GPUCB, count, 6,2.7515872325903303,1.6574850784966302,3.2843771827174675,2.5913226782119283,2.0380650334525363,1.675847179685736,3.755837995152844,1.569417325559999,1.618608787557761,0.9993876989986283,1.3288154323734065,0.8403484869784266,2.5066829383059566,2.332903934767627,0.788117641334169,1.4308533045167469,0.5712273022510833,1.0996984854768053,1.456055531243247,0.82835058091332,1.7473175675476686,1.3880994822149029,0.9278797435478431,0.36490029491209,0.38745282192164127,0.5720829800252063,0.30791020346214065,0.6077924944779548,0.43117262264352496,0.3317302804581855,0.5438889246196986,0.5843586991176535,0.48027231004462145,0.9273937236756876,0.547978435574139,0.3466761797104631,0.2189593888783781,0.46495119571344834,0.5399726798207308,0.18682678332150146,0.39444416630918533,1.0116415578041462,0.314875381841561,0.78224415667923,0.5921300942394014,0.5545799003547733,0.17162319664286366,0.4922925120946614,0.11887390300931372,0.2796711695584406
decomposed GPUCB, count, 6,2.7515872325903303,1.656622876481028,3.1226636065443723,2.4239821217014437,1.9260560243393317,1.6653044372152552,3.285089283690556,1.5505294904351266,1.5080453384280512,0.9894860270304098,1.1895357783361495,0.7933007956660091,1.0122309528433386,1.3316004191427342,0.5993796378280556,1.393245443886445,0.33143401760028984,1.0774651172670386,1.06683985121542,0.6119584879444564,1.5306887848306094,0.917022446138039,0.7075334140716032,0.3349046584741661,0.3780568067041626,0.5029951260199328,0.2407304823435247,0.6951154745014965,0.38695038974738655,0.398380005260011,0.6794747867764345,0.2684023401331511,0.48729729576909747,1.1464773535826607,0.3554086775197136,0.2651177930533067,0.15566849878986888,0.42282813547338666,0.37285879832362107,0.18772075400598282,0.44237179866593773,0.5430210087428222,0.29627980155880723,1.187956438870609,0.5675033155125909,0.49988066946355664,0.1349923076884577,0.2627920796586249,0.11037061344679719,0.30791942050872995
improvement ratio, count, 6,1.0,1.0005204576297013,1.051787062760837,1.0690353922218803,1.0581545955557683,1.00633081989988,1.143298604941853,1.0121815387849038,1.0733157328313208,1.010006884076913,1.1170874021394068,1.0593062449570834,2.476394276686293,1.7519549417606206,1.3148889144616833,1.026992990212403,1.7235023320387852,1.0206348844649014,1.3648304659639445,1.3536058363953998,1.1415237276603107,1.5137028412562465,1.3114288669537528,1.0895647035027363,1.0248534480820266,1.1373529293453546,1.2790661176956803,0.8743762968502959,1.1142839859264855,0.8326981175716256,0.8004549031171818,2.1771743824132095,0.9855837785568078,0.8089071456820737,1.5418262699670409,1.3076307543068513,1.4065748085227137,1.0996221790986114,1.4481961596412807,0.9952377631913152,0.8916575774014348,1.8629878798727386,1.062763577486273,0.6584788221888928,1.0433949512780674,1.109424577169421,1.2713553800335395,1.8733156369635064,1.0770430579025045,0.9082608985700905
GPUCB, count, 7,2.103842246581282,2.5025368330806987,1.5393620829304415,3.9263590978400877,1.9210112662464933,1.7740959608375222,2.0074606635550216,3.3333895564412286,1.8519324308796468,1.383091714170952,2.13200848097058,0.9628497727039478,0.9241527169482092,0.8709848896357719,0.3013708520337895,0.605335982605769,0.5927336552069202,0.42677223690509286,0.4273674236044638,0.5739544284686374,0.8870816171859622,0.6862505551654858,0.50223722434136,0.7118915168033565,1.0377801205020314,3.0509826107384135,0.5319004394997033,0.43970028425082147,0.6492712842348102,1.87005824938066,0.7488148257187119,0.8349424492782648,0.948171475121162,0.48758268006157174,0.509095115206265,0.5829006484538575,1.0331424878419357,1.7964447061984792,0.5209343631182415,0.2890358467414644,0.2925656184839852,0.44608409035933333,0.7226391933189507,0.2779119128632459,0.700673159768474,0.49398653855080604,0.8970233871988201,0.7877438254117061,1.1234869967000554,0.31791008245186436
decomposed GPUCB, count, 7,2.103842246581282,2.6617231196853557,1.5711051882160474,4.509246862128375,1.9337282599585628,1.6688335364281566,2.198105586130504,3.285344888076509,2.098588821193557,1.5718269462325483,2.4954107841929334,0.9135960753151305,1.1246723120088153,0.8162860658015734,0.3039035591594344,0.773350628401036,0.5865591800075968,0.48147575300972995,0.51311352218619,0.681453122622501,0.9353594656893786,0.6111272891877059,0.4327930347704294,0.8332759022296259,0.8911215076684398,3.250094960533034,0.7942058730441636,0.480709279845131,0.7105526950056933,1.478701197276365,0.6618259629119104,0.6677880789948942,0.8893624197041499,0.4991147379907401,0.4349602419788225,0.49988691193407303,0.7785259403281853,1.5272376067720943,0.36257959160345743,0.3046018648093409,0.2594502999385842,0.31218817147251626,0.4199491404395241,0.30871675385305675,0.6857680844573044,0.2673809809984366,0.8689300688156452,0.7910468184767613,0.7474044052683986,0.27172740112894994
improvement ratio, count, 7,1.0,0.9401942728650625,0.9797956842586399,0.8707350069512134,0.9934235880110983,1.0630754488759024,0.913268532786412,1.0146239344730863,0.8824655941064118,0.8799262014727712,0.8543717509260164,1.0539118968651742,0.8217084274952485,1.0670093808112302,0.9916660827117323,0.7827445409300946,1.0105266022760797,0.8863836532521471,0.8328905887796656,0.8422507864661826,0.9483857807887425,1.1229257264515742,1.1604558853581517,0.8543286982121086,1.1645775705911465,0.9387364516383346,0.6697261472783466,0.9146906512653109,0.9137552904920133,1.2646627005003712,1.1314376704474796,1.250310503498294,1.0661249611115513,0.9768949761419742,1.1704405738100818,1.166065032986366,1.327049535955626,1.1762706066381967,1.4367448559762623,0.9488971675284399,1.1276364627569901,1.4288949137799243,1.7207778841090788,0.9002164909894286,1.0217348629208445,1.8475006588209595,1.032330931327381,0.9958245289812107,1.5031848739192308,1.1699596033783803
GPUCB, count, 8,6.14682407438918,4.384894224681617,2.010602860008811,5.407275904419117,2.8465749272104173,3.5127339654367344,2.7498843135219766,1.11730526256109,2.2335561787330107,1.4872378297104294,0.5292939365044811,1.0147456050295598,0.5810952540412075,1.0374490143210964,0.4625230366746374,0.37714365767197766,0.47891752664190357,0.4933803993805308,0.36375446074031675,1.549903619262215,1.5798149262854932,0.2712869647347527,0.8648778129343807,0.45449017060505614,1.0001186239620716,1.6662547550496514,0.6108279651388239,0.41223472889831114,0.5629198945020736,0.3943199518863874,0.654878837844813,0.8178664916384943,0.991343939495437,0.3622083695390803,0.6543051862109922,0.4814841169041604,0.34084135257617654,0.21769274130268002,0.2886696243331269,0.16051879727720827,0.30793752921193623,0.39845914968183366,1.0707810655806027,0.36125215044895376,0.29787375839300867,0.41525768159937926,0.2806817105643303,0.4205644505286622,0.45069481038908016,0.15228757464756756
decomposed GPUCB, count, 8,6.14682407438918,4.321611949542627,2.01389220074135,5.502794468133087,2.8716029273657377,3.6543982065102982,2.642622246071025,1.1200808570631062,2.2230232979366584,1.6245105710876249,0.5159212946269128,1.063263084467952,0.6940923084210692,0.8976494882623907,0.5443215097703642,0.40994783715458305,0.5399029574391118,0.5746069112896451,0.3937323976942327,1.029842252605894,1.3296151396776932,0.24055289309091638,0.8084764996960495,0.33377815324634197,0.9866379280902597,1.3706882230606838,0.6393519838012912,0.366973946233189,0.5342386288176387,0.353530896772068,0.40339892131368965,0.5258295376162936,1.055859313885776,0.2920182722605929,0.6841596162677251,0.3878775908557609,0.28910225106380505,0.13968774479609403,0.3573514847743566,0.15560524376868576,0.22902504168112198,0.47868709384920516,0.9661981906696531,0.2119449837634219,0.49401638500095474,0.31807548412161674,0.3429585803425834,0.44165923780343713,0.46570504753856234,0.20354822602065592
improvement ratio, count, 8,1.0,1.0146432108846997,0.9983666748739936,0.982641807854696,0.9912843102655979,0.9612345910138667,1.040589254711083,0.9975219695216523,1.004738088352978,0.915499016245065,1.0259199261919179,0.9543692618062913,0.8372016905980288,1.155739548550649,0.8497239744756081,0.9199796254316239,0.8870437178442648,0.8586398626379033,0.9238621532556831,1.5049912890448682,1.188174592136827,1.1277642985246512,1.0697624646598083,1.3616534401208211,1.0136632654066982,1.215633670017957,0.9553860480843795,1.1233351389920245,1.0536862445681088,1.1153762103588285,1.623402550785624,1.5553833193663322,0.9388977550873617,1.240362004525014,0.956363355353248,1.2413300697312228,1.1789647134257444,1.5584240523064639,0.8078030640208542,1.0315770432250133,1.3445583371650962,0.832400026659911,1.1082416381244362,1.7044619034352428,0.6029633174867934,1.3055318700406497,0.8184128540652216,0.9522374141211482,0.9677687900768581,0.7481645879444487
GPUCB, count, 9,2.102841501898559,2.257458498460794,1.5432222983699875,1.9198888609830718,2.305831788586491,1.8720510621429944,1.1582200554348048,3.9000257356090886,1.41254611277591,1.5894623095191183,2.047035235996506,1.0376870520987627,0.7334107402373713,0.7529368485803204,0.6782547648725716,1.8265364701993123,1.0136541323579196,0.5294323706733478,0.5780871412335828,0.8632961873284524,0.6932453903297164,1.0107439008484445,0.7767801312053375,0.7467114781279149,0.9170144086333637,0.5667855957149212,0.5807597346538703,0.8980210761122928,0.40774842152923974,0.42360606709789583,0.8404086723316793,0.4984758266219631,0.9450101644855802,0.5146075857493922,0.8822987401765524,0.3966627497429159,0.6401457931887485,0.5178475710047443,0.3288515211167779,0.7032511449759632,0.118595839293858,0.2777373383388534,0.2696249349145554,0.47609275770234477,0.364180880576856,0.7326180435759796,0.38850011653860483,0.21226488468507584,0.24165073811140086,0.4070087682780957
decomposed GPUCB, count, 9,2.102841501898559,2.301482882520342,1.4903785768651732,1.9155336188124166,2.514834082378716,1.8490068312097792,1.308196203632873,4.437811247948518,1.3246310555126608,1.8059879266307743,1.883539175538312,1.0677493759036862,0.5906782077286965,0.7334470223277492,0.5969895223694824,1.597891200879262,1.064630253792845,0.5297499836849735,0.7560685495545226,0.7299576278993886,0.5763685327270172,0.8676799112922235,0.4940665622503652,0.6662097114150088,0.8862432172543728,0.47624965925102614,0.5226562105770003,0.5887759772242314,0.3383681428832521,0.4412317211005053,0.861026219861852,0.5394541624524581,0.8750464527571054,0.5069321135574725,0.7135970571014205,0.3693755009902142,0.6620308495396141,0.6697285005536581,0.3353925768287887,0.7042205002212121,0.13060241103136747,0.36013063681548246,0.3482117414938118,0.5616623149362899,0.2981772089525566,0.3256463092286057,0.3086939688928189,0.2369998612507759,0.22516892962147012,0.35256065453497376
improvement ratio, count, 9,1.0,0.9808712963307652,1.0354565761512518,1.0022736443400848,0.9168922135831185,1.0124630317986103,0.885356533078461,0.8788173984217934,1.066369467103596,0.8801068302180717,1.0868025802603587,0.9718451497295605,1.2416417782831648,1.0265729161878878,1.13612507331878,1.143091888355249,0.9521184737580788,0.9994004473404297,0.7645962017256149,1.1826661635316758,1.202781468741381,1.1648810669629976,1.572217572602513,1.120835474676469,1.034720933012409,1.1901018398759096,1.111169680759605,1.5252338934512735,1.2050437669893943,0.9600535202712802,0.9760546809672291,0.9240374091392678,1.0799542830075277,1.0151410257638958,1.236410284202104,1.0738740081016487,0.9669425429855953,0.7732201490255302,0.9804973151944568,0.9986235060681358,0.9080677635068637,0.7712127487813698,0.7743131628987503,0.8476494595446529,1.221357198479919,2.249735442454154,1.2585283668871914,0.8956329491706861,1.073197525598395,1.1544361602542939
GPUCB, count, 10,1.7050632233783833,2.323944326317731,2.661919054729,3.236495540117914,2.3208543010223037,1.2855050776915142,1.4528395454971572,3.1717293269441305,3.0924796137250494,1.208728875099179,0.9671092901865972,0.9535952789328915,1.2559612466294428,1.959687602959417,1.1842406657094633,1.5630505280464722,0.8213230765767405,0.8332387913499824,1.0354435823249368,0.42680251939762537,0.6029305167895405,0.808408023831443,0.3547929398048709,0.8058455841391599,1.0446441633114643,0.9572510862569689,0.40657290462488754,0.582882799532687,0.3782761588427058,0.4429127830976733,0.6195442662326364,0.39910954507674123,0.3904686227255254,0.34104479904668683,0.5798817070618647,0.3678623879405092,0.4530654396740924,0.3993946171639454,0.49199226560958575,0.19595597022113573,0.20692880747027817,0.18337410741119795,0.34213392416125143,0.2586679880925134,0.5113347606979352,0.30183461882164225,0.6968409482150073,0.412147432420124,0.16007407329232745,0.25412840380871166
decomposed GPUCB, count, 10,1.7050632233783833,2.3850110127764883,2.3626243943065,3.1716320344233573,2.2571816276144774,1.259422877641804,1.4950553231900259,2.861616372727167,3.630289271689213,1.1776535569313942,0.9477361516886768,0.9247207292621675,1.2235821763323416,1.817658547997094,1.0028806799921333,1.1349743734899491,0.8351732144467846,0.9700887685161019,0.8417060084122607,0.3952760013584781,0.5914382991083653,0.8611037392069844,0.32109452712463116,0.7613723482864968,0.9659462200558003,0.9480637097232528,0.4427470427620413,0.6020072744310846,0.4523658938562101,0.425503986389153,0.6511543424069774,0.5460766271128611,0.2794193621165018,0.27780538945036276,0.5477188164355326,0.35022016261059036,0.5374662517640735,0.5654989010179806,0.4494639742039219,0.19861365723111726,0.23329456763314152,0.16870623453585967,0.4177258885786063,0.2395827826702703,0.4724951545725167,0.20822538644019678,0.6906641751164827,0.3695830204693195,0.1614745238521707,0.212006211896852
improvement ratio, count, 10,1.0,0.9743956375330666,1.12667890043959,1.0204511447073807,1.0282089277304278,1.0207096444829935,0.9717630665313494,1.1083698559920596,0.8518548749934975,1.0263874872069827,1.0204414893991343,1.0312251566954305,1.0264625220303198,1.078138468371206,1.180839046294872,1.3771681234002011,0.9834164486714072,0.858930459141948,1.230172497257243,1.0797582396371077,1.0194309663383323,0.9388044518026708,1.1049485738109759,1.0584119399039802,1.081472385958628,1.009690674202051,0.9182961496219504,0.968232153147201,0.8362172391425808,1.0409133574899079,0.9514553246201275,0.7308672908907613,1.39742865264549,1.2276392467455115,1.0587215367834963,1.0503746706026609,0.842965373522597,0.7062694842465242,1.0946200226191405,0.986618810372698,0.8869851088674992,1.0869432769671623,0.8190393114619463,1.079660170941872,1.082201067565567,1.4495572513120558,1.0089432365555704,1.1151687431331494,0.9913271113830603,1.1986837627774487
GPUCB, count, 11,2.7635070801127894,2.638543106065423,1.9879857893165627,4.227230224470578,4.982251876844395,1.848870275688578,1.8979437856444228,1.4958090705412626,0.6208388610853283,1.044286766892801,0.7978780348099228,0.654228964690965,1.3544012023723935,0.9673899245115176,0.7082879398978028,0.7864418980215008,0.8781897621672317,0.5121889459481797,0.5525557979277496,0.8298310569946808,0.3883193700730939,1.2883287499868994,0.3847336110842749,0.7911600547560742,0.3113542033083274,0.7406776359398484,0.6769293776615355,0.22975546338784494,0.44673282469542464,0.6707268774320363,0.4646876886058643,0.33122570650957756,0.5721907201827369,0.489551741091074,0.8342537473719615,0.6955841547320208,0.602841829020493,0.48027314862602793,0.5605632049726581,0.718474206066858,0.6745685634824357,0.9315528171440044,0.6098204618229486,1.2576040976709228,0.6611597221057486,0.4136320892956347,0.5416961843488852,0.7389058237361079,0.4012408771157469,0.6683285069160295
decomposed GPUCB, count, 11,2.7635070801127894,2.62935227897804,2.0555247982368945,3.573481368637803,5.963730855951082,1.7093388002731433,2.347302652606668,1.5685020058199743,0.8294675648712971,1.1237389125523458,0.9587010171020408,0.9161920063270863,1.354323913639086,1.119834052140524,0.8217531184325519,0.682403721611121,0.8417542926393962,0.47154274626005216,0.5434620719110503,1.0484339081057088,0.4193051810196359,1.109935464698483,0.4264855445054549,0.5681301939411804,0.3528037243407712,0.5507151171042878,0.5743375705758489,0.2299977263504686,0.5088347855741137,0.8832031164558507,0.49143431965570655,0.27932996792056325,0.4520719860503681,0.4438602273613222,0.6046295069095534,0.6275072132843509,0.6398439970034618,0.4973979441047219,0.4715684199334161,0.4091601034669013,0.4162411036383039,1.0389921832269051,0.47915318715874594,0.927949417163669,0.7143860372440446,0.40739961252493617,0.34767842006871397,0.7024321374382915,0.39155088934771715,0.5741267729711026
improvement ratio, count, 11,1.0,1.0034954719308113,0.9671426932050332,1.1829445261895912,0.8354253398059891,1.0816289172123972,0.8085637288982593,0.9536545474542063,0.7484787680415926,0.9292966143896493,0.8322490751305831,0.7140740807308475,1.0000570681301046,0.8638690015385632,0.8619230326120604,1.1524583953978897,1.0432851603448186,1.0861983351679243,1.0167329543066763,0.7914958211281095,0.9261020079189269,1.160724015911031,0.9021023479949484,1.3925682232583199,0.8825139357304292,1.3449379051630206,1.1786263207242822,0.9989466723586019,0.8779526034002963,0.7594253970972762,0.9455743525023229,1.1857865053841004,1.265707094973555,1.1029412209365559,1.379776768811843,1.1084879026192507,0.942170016197294,0.965571237915916,1.188720833027385,1.755973273002602,1.6206197744195092,0.8965927099189378,1.2727045925313065,1.3552507005337235,0.9254936233865485,1.0152981902267202,1.5580379830356634,1.0519248541657458,1.0247477097655742,1.1640782809298955
GPUCB, count, 12,2.5473852584727528,1.609803160949605,1.5866538499857072,7.758017970320324,1.4629449666156784,1.7292847034727787,2.712590648759109,3.0648384699000233,1.5626470393298109,1.5770383072987944,1.6770007503598512,1.1785241275200868,1.0744064110855311,1.068221814393883,0.4665840908091301,0.7805461751891669,0.7222932979769238,0.9442109317436845,0.5251740653763866,0.9183967891461281,0.5797729211428309,0.504765702456168,0.4456352295279944,0.6638582764594855,0.46784756895126633,0.729273019771335,0.6507379606851489,1.3913936609809259,0.99572463117947,0.4514504010149068,0.5435456230968715,0.4334246062419518,0.6206863606044801,0.4053266311077953,0.23980048232632747,0.3079853112385252,0.23881088918076385,0.5014687524227471,0.3257530636636212,0.30178464085556006,0.21266857302063596,0.7412366764244817,0.3980437611389491,0.22641074640353254,0.1703460635829043,1.602176416626422,0.6444978537318538,0.40544881595549565,0.6338719039236269,0.8549503598170387
decomposed GPUCB, count, 12,2.5473852584727528,1.5647389119426303,1.638766843933258,6.671152554634748,1.3966337253696162,1.608960320297942,2.3360361072032094,2.2999776896611497,1.3323108295931243,1.4704812114761876,1.4068087337566748,1.0827984011873864,1.0784648733573563,1.109377460766923,0.3508883967354043,0.774785765838906,0.6241774507729904,0.6647399758799456,0.5241074070931679,0.7467964898455535,0.5154897939655954,0.6105652523966323,0.47205586181594383,0.7331601625708744,0.3493740693213187,0.6746882196725107,0.6366206426070962,1.2833105015569217,0.9529390398974998,0.4424753101790851,0.39703869144486525,0.3691171597056088,0.6362167101288321,0.5463076263627054,0.29728386124953865,0.2361101325068092,0.2505092948037594,0.673623617491975,0.2796644270466225,0.28896493560487513,0.2009795597419913,0.3343919239950213,0.38410788157564063,0.19978335820259943,0.24297328416452552,1.3851686300194983,0.3004892973734352,0.40196299054571794,0.2762478916890958,0.567250298780442
improvement ratio, count, 12,1.0,1.0287998519516763,0.9681998728858385,1.1629201860974505,1.0474793355204945,1.0747839344804697,1.1611938019257437,1.3325513911187368,1.172884738771529,1.0724640988208454,1.1920602354249454,1.0884058622802995,0.9962368155216861,0.9629020348542249,1.3297221998508229,1.007434841480372,1.1571922328857367,1.4204214670462552,1.0020351902468514,1.2297818771698614,1.124703006596336,0.8267186848167781,0.9440307081744259,0.9054751067374184,1.339102154490429,1.0809037396937498,1.0221754010681139,1.084222142102692,1.0448985606535464,1.0202838229147502,1.3689991298300228,1.1742196070961093,0.9755895290439525,0.741938445572221,0.8066380775545703,1.3044137833840874,0.9533015106997939,0.7444346359021791,1.1647997820234584,1.0443642244130766,1.0581602093946791,2.2166703895501905,1.0362811601421518,1.1332813125201868,0.7010896863358737,1.1566652477567796,2.144827983443615,1.0086720058606522,2.2945764401960407,1.5071836218599384
GPUCB, count, 13,2.3730516318541213,1.7989857589843146,1.6515076740802703,2.996049539397077,3.0973570331138953,2.045427427797276,1.1434117328308455,1.411686633040928,1.9972220132851275,1.4039082135802863,1.21879620027937,0.937907256574295,0.8588207124299215,1.2059654968278803,1.0501202593486723,1.1687521613642384,0.6905991954994156,0.7812273221308085,0.6508939659818007,0.8590783734658013,0.5345447947770895,0.8789650536581878,0.7826312444460368,0.670384342728818,0.4717803235851899,0.7630573277855623,0.46461063124246305,1.2987120535611094,0.47835741340868937,1.060662529090276,0.6433063765461735,0.4553765217988081,0.5705098304656437,0.6383740662482826,0.6956093702314758,0.3416515898678258,0.42539229369496284,0.25778958786376466,1.3045468976448473,0.5366030276909175,1.238155871567203,0.34548663675880564,0.7151764578689797,0.5187921328158059,0.25665936094842834,0.7117565949706101,0.8219680063188359,0.49579900762982493,0.32494886782908644,1.231149372832043
decomposed GPUCB, count, 13,2.3730516318541213,1.7982687298032665,1.658527860987514,2.9913675660027064,3.021260817159845,2.0327395033684987,1.1248028792817826,1.357577161512359,1.7784172373790543,1.340233083101044,1.081589820370763,0.8204939990317544,0.8183357728169784,1.1158159607565372,0.8776892029596518,1.2663231766352656,0.6064856485793362,0.5708307951113709,0.6444154847532427,0.9402688605993469,0.6199903060472597,0.8876309001757057,0.6059025705128916,0.6805885626123561,0.5180662190650711,0.6304070198522008,0.30515988084280676,1.5296211614575452,0.45950325593045777,1.0988028411825876,0.5358003294796629,0.3595048921468299,0.34297985670250786,0.5468637228136761,0.4084785412506619,0.3366066296061824,0.5265972866685574,0.25176312999873685,0.8254233498627566,0.3472387471349976,0.9664179794976275,0.29317582590494573,0.5830535812846761,0.5023813930038826,0.19752220507464302,0.5787520372231445,0.5954586587708307,0.5264723212682045,0.2716399212792039,0.47649241058946673
improvement ratio, count, 13,1.0,1.0003987330531663,0.9957672179814551,1.0015651615159507,1.025186907241456,1.0062417857318913,1.01654410198607,1.0398573820056682,1.1230334318107134,1.0475104899902263,1.1268562049350404,1.143100690170918,1.0494722838201007,1.080792477650365,1.1964602684043126,0.9229493567903557,1.1386900862652092,1.3685794964484852,1.0100532674677094,0.913651838813642,0.8621825044089367,0.9902371058558208,1.2916783696486809,0.9850067714268214,0.9106564107510984,1.2104200996436578,1.5225154432465917,0.8490416361156986,1.0410316080134263,0.9652892123474461,1.2006457278048224,1.266676842919907,1.6633916520657062,1.1673366500958875,1.7029275714256353,1.014987703205804,0.8078133033805519,1.0239370151819214,1.5804579527120899,1.5453431741656984,1.2811805014335855,1.1784281179813927,1.2266050339544943,1.0326658989374562,1.299394976131608,1.2298126817585338,1.380394749848083,0.9417380318029037,1.196248571634245,2.5837754085295783
GPUCB, count, 14,1.899680680503272,1.6385409680805174,3.4599045800782915,6.071972952314631,2.131604041073793,1.1483246321673086,1.7159289534462088,1.9294780809922776,1.817147449286506,1.0677020094547256,0.52583030104128,1.0854444052842158,1.3189800521819692,0.6994531296870077,1.974186243239021,0.47569976362549105,0.6300962682382021,0.524134855735359,0.844121039339126,0.46112961699986493,0.45019840769884584,0.5413906912878603,0.4767558094110181,0.397266119400585,0.35422026801662415,0.46793712903003853,0.7659394533331227,0.43059047010607665,0.715497545313296,0.5521259657513428,1.2013357961367623,0.5107420538487522,0.4537345298601584,0.2941077017071129,0.6121610193596043,0.43907712927744086,0.3749422252221791,0.5072707467058412,0.3095039391805863,0.3069063907270882,0.2543945341533913,0.6030349207772038,0.3856553195463003,0.42547546808189257,0.6422090567967818,0.3871388042372786,0.29845506274456285,0.6285632111662455,0.3610821392352467,0.5787266275287366
decomposed GPUCB, count, 14,1.899680680503272,1.977282581320459,4.0693667089475865,7.49106200027898,2.2187067702837964,1.4741135674565695,2.1627556316176486,1.3264248581516336,2.117900730504524,1.3829140948051395,1.3300413903596326,1.3306061701183827,1.7172593849642193,0.9971345756540662,2.039319768494356,0.5886648216149135,0.6552267919647654,0.5653471958012873,0.886079343182949,0.6875860524558746,0.49361742602286046,0.8077908243786671,0.43151503183017054,0.3816378685825412,0.43854858396964425,0.481984837086733,0.8220391761953006,0.4446894838582014,0.5477183079406106,0.4869230105041737,0.7050675473385475,0.5844296143025697,0.4883400955883063,0.398666583170325,0.5759331932927452,0.3846613001751982,0.5206783159797299,0.9364934125436416,0.40426187347671555,0.2561248470677638,0.3198639449634963,0.4653932354095896,0.32792036084428305,0.5742857434667079,0.8744830684710347,0.3418798296269249,0.2669437696929664,0.7179211280013492,0.38457098623365527,0.7935576756459042
improvement ratio, count, 14,1.0,0.8286832562831131,0.8502317012794078,0.810562367804258,0.9607416670032237,0.7789933269175617,0.7933993690090486,1.4546455980031885,0.8579946279416161,0.7720667635578412,0.395348825121224,0.8157518202306584,0.7680726998673246,0.7014631191864994,0.9680611514380486,0.8080995265191492,0.9616460681480883,0.9271026010706278,0.9526472384593668,0.6706500449694006,0.9120391298300644,0.67021148909965,1.1048417186974213,1.040950471912259,0.8077104361170228,0.9708544606058498,0.931755414478142,0.9682946994163224,1.3063239532808857,1.133908141206258,1.7038591560078216,0.8739154234308391,0.9291363415767481,0.7377285032727695,1.0629028270791898,1.141464267597126,0.7201033991912498,0.5416703843415469,0.7656025944737351,1.198268712468529,0.7953210674695563,1.2957535152965354,1.1760639642911144,0.7408776430936387,0.7343870681448802,1.1323826990897425,1.118044684421143,0.875532404118164,0.9389219472107098,0.7292811162814232
GPUCB, count, 15,2.8875850215488796,2.2469178542799653,1.9299699352596875,1.670502722017071,5.510222080123421,4.899535365329447,2.1901936672243347,2.236844883295037,1.793427524136982,1.5669541688528121,1.0367885015448182,0.7558089258378908,0.5452389685116298,1.3540683256682178,0.7121717408462013,1.8051061416413607,0.9174257452867908,2.0635078174345654,0.35543389960326016,0.8313733813752311,0.9271466084063175,0.5756163552678402,0.34229585233769855,0.4176419365405824,0.9008875375746106,1.4053456144818839,0.4525416595274112,1.1289611631434018,1.2609439288963222,0.5091660175570288,1.6239350035693279,0.6717185012411175,0.3301285576220411,0.45809015755685945,0.6714968906855172,0.37747784854401656,0.729233890192422,0.8785980831922261,0.609745215178342,0.5182628139662577,0.8501261482769834,0.8516088687673626,1.3853844804007656,0.5372006581260054,0.9681160642331876,0.5893138004008799,1.3358717951260373,0.7165496393537142,0.4531948364037076,0.4203346109300345
decomposed GPUCB, count, 15,2.8875850215488796,2.213254340719444,2.0101105789048854,1.684259959965646,5.329128775614375,4.78630782770367,2.0483446994320773,2.05390817955061,1.5414145296674646,1.5788046589047027,0.9016675697662856,0.4041031403388413,0.5838126829409869,1.3228168531680193,0.4994780348840857,1.6870810704074148,0.4687969610025576,2.1726542396450816,0.3464941001398121,1.1640033278935886,0.7768083323017717,0.5691483055971006,0.3598761191493185,0.40718858683160747,0.7614365270385017,1.2872158531677025,0.3902212866365046,1.3929823897860802,0.9056800128918807,0.5179821429845037,1.471258508774829,0.5822225247478321,0.3748727956363228,0.38439331874991545,0.6583663252584356,0.3663051527831218,0.5139392655136733,0.6140212870842116,0.6424407318304654,0.43931577727108695,0.7287899712024394,0.8392564935796466,1.102036074273683,0.2816024448792458,0.6917350826850053,0.3623960808230811,0.8298758838791346,0.6525737947079296,0.3753831440532322,0.32148094621739604
improvement ratio, count, 15,1.0,1.015209961612265,0.9601312263682236,0.9918318797124075,1.0339817842904666,1.0236565515010136,1.069250535728477,1.08906761537142,1.1634946275768434,0.9924940112223182,1.1498567058517546,1.8703366798984622,0.9339279266167361,1.023624942806976,1.4258319507713197,1.0699581503842277,1.9569788663407859,0.9497635563823785,1.025800726361115,0.7142362581382877,1.1935332949623187,1.0113644363114704,0.9511491152756218,1.0256720105794563,1.1831420027595518,1.091771524584223,1.1597052109280719,0.8104633421222044,1.3922620693263026,0.9829798661075877,1.1037727183115074,1.153714383571895,0.8806415441847915,1.1917224759436853,1.0199441631859396,1.0305010608668936,1.418910636188822,1.430891895237711,0.9491073416858765,1.1797045332302172,1.1664899104941715,1.0147182360603848,1.2571135489496825,1.9076562291792705,1.3995474401491903,1.6261594194463107,1.6097248047282662,1.0980361840524382,1.2072860584796028,1.3074946303218553
GPUCB, count, 16,1.7048157238214166,1.9130645682186362,1.2304017727874317,1.9766576083139922,2.7774837947250153,2.11651429622265,7.90496199802458,2.3735867693209904,2.4702745334172507,1.6407640256284213,1.0092671838604328,0.9329088022401065,1.4031905670008529,1.1636924349399413,1.586178385914783,3.100023713968867,0.7575077220951091,0.7710086099408311,0.604132526702107,0.9865435077568048,0.9613525186315778,0.6422869887002587,0.3445472457901436,0.6748857505339105,0.7253529038588861,1.1771408674035937,0.2873124978633208,1.6025789454856456,0.7287482164676351,0.5697625916157292,0.37439358599731165,0.43036226377612913,0.6359495177825009,0.2951502526688588,0.28812851467943756,0.4734625202932525,0.501487186417747,1.0191263715386583,0.6048311127956562,0.5374088794789506,0.6443278726167416,0.43316138536091764,0.42955054790231106,2.725911971795289,0.4693380895060245,0.4780649796468816,0.36812885815394614,0.2833008187649293,0.6158490225572371,0.530082709640947
decomposed GPUCB, count, 16,1.7048157238214166,1.922749337778533,1.2370641415573755,1.4634964044762928,2.6167382560713524,2.089918046653501,7.612606849906898,2.438566756011057,2.3926876468222336,1.4714137355925887,0.9950586534041823,0.8000917122319368,0.8951895581553987,1.367060282219983,1.143081890712866,1.8995841703217538,0.41702581466874894,0.6307394055340947,0.6906573918203615,0.8565090823938113,0.989585340670827,0.644094009126269,0.39707252867419796,0.4202392218393348,0.5819133055516222,1.5811672689048943,0.2297024514509132,2.0763126299546557,0.4305609147164757,0.7228210485767654,0.2591862817456203,0.3321225231948283,0.4411520543709182,0.2141917516104762,0.41305398971082546,0.4762984129377671,0.22955664574309112,0.8850130666044667,0.5715792796856293,0.6211846896063286,0.45798058289314525,0.3631741886280374,0.31320427522061745,1.4291159324720437,0.46199112014812804,0.5464525050015132,0.5872165526367107,0.2967419551411979,0.5174162697534822,0.47203417929182373
improvement ratio, count, 16,1.0,0.9949630618148666,0.9946143707944226,1.3506405634261414,1.061429735389354,1.0127259772753943,1.0384040781143529,0.9733532057181165,1.0324266674331943,1.1150935905648791,1.0142790883810133,1.1660023319547494,1.5674787023792214,0.8512371034949603,1.3876332035367884,1.6319485929616804,1.8164528320550395,1.222388522385025,0.8747210032890528,1.1518190852098933,0.9714700482324136,0.997194477203007,0.8677186682759616,1.6059561208494997,1.246496508910878,0.7444758632139366,1.2508029237324823,0.7718389429248158,1.69255543538483,0.788248478288771,1.444496149548386,1.2957936716736065,1.441565354805756,1.37797207618719,0.6975565467389703,0.9940459750285056,2.1845901467779227,1.1515382201629458,1.0581753648038388,0.8651354234431142,1.406889061860237,1.1927097214625046,1.3714708957907444,1.9074113652067994,1.0159028367375131,0.8748518403178658,0.6269047704819962,0.9547042939382369,1.1902389981873824,1.122975269367594
GPUCB, count, 17,2.8172353127317185,5.389221788810003,3.2254172966372754,2.133354859953465,1.786534192927282,2.9632938182198236,2.516493952323058,1.159919566377164,2.0274469262111054,1.8116795540729245,0.9204834464478068,0.35497467697758284,1.8350590713691932,0.7760784653759497,2.0088983213508453,0.8245298197824241,0.5429542688180727,0.6959895135770983,2.022637008400346,1.694893480211114,0.7378750490060494,1.2371707040799995,0.6647869578952675,0.330157548668457,0.555737254556342,0.4100432131857791,0.9875652236280418,0.35681927572429445,0.23097465924215083,0.5331790362016708,0.5692336346218899,0.625487000560432,0.7646011824084308,0.42491605784174075,0.81426523863683,0.7413910298504395,0.4608718267065133,0.38363333827670665,0.23126277449806407,0.5100457989256868,0.27142821238276055,0.7747467002741129,0.6852623907926176,0.6213254444961865,0.3269069501614807,0.7884795185529373,0.8425800892827761,0.2515654847100554,0.3029775736085731,0.34831016154781036
decomposed GPUCB, count, 17,2.8172353127317185,5.39597219170749,3.2590807411152305,2.1550927898163517,1.6615673455523439,2.523022368561474,2.2641409015528926,1.1316326567135186,1.9529548965056756,1.9857637418758418,0.9224706566037268,0.44134675796295564,1.3666915390532082,0.5887125809539389,2.682898656380734,0.5802876949030115,0.5186874261524579,0.7537649118598991,1.4937778752575677,1.025158011901032,0.7299811067180019,1.2446967606822954,0.8682102127600975,0.3176038278303207,0.5353171336909072,0.41967498671472275,0.5813350926294496,0.40869757205740254,0.27408969778666353,0.5925874310997583,0.5254440211959139,0.35418493987055544,0.5308919861439343,0.4507341009157196,0.8094570965738355,0.5031646709219173,0.34733059273345646,0.38473172221466906,0.27557059819119717,0.3653387912919432,0.21445021878676504,0.44491007552177,0.7568097599548236,0.7351179894159291,0.25723512985646985,2.354665619419734,0.4990506932370808,0.2821307274922006,0.34301444177999885,0.2893495460916026
improvement ratio, count, 17,1.0,0.9987489922746708,0.9896708774185092,0.989913227882527,1.0752102210659396,1.174501603768727,1.111456425082505,1.0249965476834118,1.0381432412180716,0.9123338873946456,0.9978457741265869,0.8042988207639163,1.3427017135413395,1.318263768235438,0.7487790552852548,1.420898335471744,1.046785099160052,0.9233509050716605,1.3540413483842697,1.653299745536923,1.010813899449451,0.9939535018969838,0.7656981548073087,1.0395263524495149,1.03814583838302,0.9770494458000878,1.6987882482049443,0.8730643393060782,0.8426973399851347,0.899747460407937,1.0833383037194153,1.7659898266398053,1.4402198608459194,0.9427200138140726,1.0059399591199407,1.4734560526517786,1.326896727061958,0.9971450653155407,0.8392142558605207,1.3960899063634002,1.2656933339510863,1.7413557096128374,0.905461883622541,0.845205060196998,1.27084877692983,0.3348583816105678,1.6883657325819943,0.8916628363956204,0.8832793512609465,1.203769510796267
GPUCB, count, 18,2.5167508401527083,3.691844936003468,1.8677783033986266,3.9972881165027028,1.994033700761928,1.4222342344011645,2.9448354810458586,1.5210840946849093,2.95615208358203,1.7825762621165078,0.4425881200973944,2.1275760752697774,0.36860784576445044,0.962799361614871,0.23711033623722874,0.717931110984525,1.0523105274802533,0.41218918034597135,0.39700051505457606,0.8940088943406754,0.7558770959133249,1.331539362012546,0.49819330702520626,1.209047199840533,0.44092877525950613,0.5877062178748438,0.5695749436439305,0.7474053054101045,0.9188504886346085,0.6254105183268626,0.44194328034320446,0.4026131152150527,0.23726946884621908,0.35990845594759924,0.7079031869815335,0.3131908439948181,0.5325983911252689,0.444105904635106,0.3144815496436613,0.30741327763541565,0.41042089191345715,0.30556080743340874,0.23992733285023599,0.5437683617106377,0.3436860700324218,0.3171120678039996,0.28420172214998946,0.2707789597684846,0.37637046335318536,0.1992961559011463
decomposed GPUCB, count, 18,2.5167508401527083,3.492122414378799,1.880983015355997,3.5650234255216624,1.9726320001775641,1.3437400085387181,2.6479573612306604,1.4108340848948242,2.7562472532487465,1.6930334657198265,0.4303754843641209,2.45264106240851,0.37207250226850735,1.4344936481401847,0.23413010425134606,0.48186629318561597,1.1013975264801006,0.3688455794327715,0.4425647994231098,0.6497947404740229,0.6499692272204777,1.1174358282972352,0.5690954414952956,1.1355499742286792,0.45749401824546154,0.5752665855723619,0.48684015517395834,1.022145990238853,0.700437527362673,0.5206489342928794,0.4606532430945492,0.3298684479211915,0.24874562563862923,0.4513372880700083,0.4438172250697323,0.24945729669730168,0.5571671050619714,0.3332059925600749,0.30100492775464444,0.34643501914561103,0.4524878165499067,0.546473724458369,0.21681346464872872,0.36046246005196475,0.3175419634033678,0.4310087089117443,0.45483209159071536,0.3244272643424679,0.3470679888054406,0.1979686370367942
improvement ratio, count, 18,1.0,1.0571923025385115,0.9929798877238287,1.1212515709957187,1.0108493122804645,1.0584147419617331,1.1121158989045132,1.0781452695043898,1.0725279018773293,1.052888970129489,1.0283766993636212,0.8674632859569281,0.9906882220993675,0.6711771522049864,1.0127289568140425,1.4898969302008769,0.955432078046587,1.117511509775597,0.897044942508018,1.3758327648027733,1.1629428967672064,1.19160253170114,0.8754125770471921,1.0647239023203507,0.9637913451863592,1.0216241176081957,1.169942408387429,0.7312118939442812,1.311823614154879,1.2012134802047858,0.9593838466746569,1.2205262969292552,0.953863884991158,0.7974268146259893,1.5950331510236182,1.2554888076689634,0.9559042274508114,1.3328268835232207,1.0447720972196242,0.8873620178282438,0.9070319175504036,0.5591500446545015,1.1066071622394638,1.5085297970619391,1.0823327611533458,0.7357439913561774,0.6248497575358664,0.8346368802180826,1.084428629239475,1.0067057029043716
GPUCB, count, 19,2.4175731487839958,2.0905427841953097,3.6117667941527105,4.04154505840083,4.481353607055579,1.7841186838356378,2.336949650415417,1.1668654823475626,1.5244194417286603,1.6415337173408353,1.1765027590057469,0.8295872654112574,1.429742831336573,1.0155138995493793,0.9075858522867656,0.7479017720035251,0.5783467690024567,0.2270293647011961,0.6636394505879056,0.6523028222316613,0.5130306446179196,0.4936402400710625,1.5477507395413925,0.3609487886423984,1.3336024565140543,0.3163408741806604,0.710335199042438,0.4093009195067307,0.3674081694881475,0.3491077682737624,0.4482073472998004,0.24752092209301474,0.489850369281939,0.24590184342714078,1.1487851207078785,0.44116748609491874,0.9931238837096329,0.317637889578374,0.5550384050428574,0.32287265868451903,0.4767836102853166,0.4044806264349118,1.013881571017501,0.850589833829886,1.1449399573419845,0.4763164473855991,0.3156522133246643,0.23602970399959067,0.6294760653998775,0.9443827750833143
decomposed GPUCB, count, 19,2.4175731487839958,2.128533903323032,3.3765050904261953,3.5410619287469993,4.297684571579322,1.541046600101219,2.2286180774532993,1.1493460651764758,1.444422095328287,1.6650880811958906,1.1729643788189337,0.8871199477153983,0.94231492490925,1.0043610887958936,0.9202574387653244,0.7969700517597152,0.5361463862665341,0.41620610422600296,0.6250806798807489,0.6119170838661592,0.44834634959205405,0.4532688387268545,1.2366957431681056,0.3495248241535311,1.0635323581872635,0.3226902800538478,0.6369933577625911,0.3688819657384003,0.458515085569587,0.3826317994926124,0.38534811009916553,0.2975842843192894,0.49635436688237144,0.24602452699289218,0.8109153217312483,0.44829640423961076,0.704837108656844,0.2504735639524591,0.4170918414245434,0.44006746660629753,0.46772731401251244,0.36225132481039424,0.6003709203307503,0.6234793469332447,1.682632119091905,0.5831297707547434,0.40828851603210503,0.22898318022584896,0.5416878749728619,0.762353276178818
improvement ratio, count, 19,1.0,0.9821515085719748,1.0696760992286316,1.1413370168962071,1.0427367417075846,1.15773181921848,1.048609303701741,1.0152429435327617,1.0553836351985406,0.9858539832690784,1.0030166135056684,0.9351466704673873,1.5172664610764444,1.0111043835507971,0.9862303895140909,0.9384314634560647,1.0787105608037122,0.5454734142436256,1.0616860702117892,1.0659987103323552,1.1442730493617739,1.089067233162561,1.2515210374836754,1.0326842721873433,1.253936888941594,0.9803235291991818,1.1151375291218995,1.109571509378136,0.8013000685282522,0.9123856635457261,1.1631232528543054,0.8317674525696398,0.9868964634253459,0.9995013360364882,1.4166523802452045,0.9840977574719032,1.4090119142593893,1.2681493590224275,1.3307342650174327,0.7336889981312211,1.019362342120054,1.1165745954045048,1.688758626848455,1.364263047386809,0.680445799382395,0.8168275249763083,0.7731106825934912,1.0307731064211425,1.1620641599766541,1.2387731575272976
