activations, totalPop,,
29,0,199805
21,0,200259
31,0,200584
45,0,200909
33,0,201260
30,0,201579
33,0,201929
30,0,202233
26,0,202614
51,0,202931
44,0,203289
32,0,203620
39,0,204020
32,0,204334
33,0,204722
36,0,205048
42,0,205397
41,0,205732
55,0,206082
44,0,206462
52,0,206788
49,0,207161
50,0,207449
45,0,207780
60,0,208137
48,0,208528
50,0,208878
54,0,209238
50,0,209561
56,0,209926
65,0,210283
53,0,210637
72,0,211003
65,0,211372
46,0,211700
62,0,212055
58,0,212411
77,0,212810
46,0,213135
45,0,213507
45,0,213830
41,0,214218
41,0,214555
45,0,214969
47,0,215328
40,0,215646
41,0,216011
41,0,216364
39,0,216716
39,0,217096
45,0,217447
33,0,217841
40,0,218200
40,0,218572
27,0,218936
43,0,219335
33,0,219667
39,0,220034
35,0,220412
35,0,220771
32,0,221178
40,0,221538
41,0,221888
39,0,222277
42,0,222656
51,0,223021
40,0,223403
35,0,223726
22,0,224159
40,0,224486
47,0,224901
32,0,225232
27,0,225646
28,0,226030
41,0,226420
33,0,226774
31,0,227173
30,0,227580
29,0,227948
30,0,228329
30,0,228690
37,0,229069
33,0,229507
38,0,229820
29,0,230221
25,0,230583
33,0,231013
26,0,231444
25,0,231797
35,0,232196
28,0,232546
35,0,232966
32,0,233353
33,0,233733
42,0,234156
35,0,234496
25,0,234904
33,0,235299
27,0,235683
28,0,236103
32,0,236455
33,0,236930
38,0,237302
30,0,237703
39,0,238114
37,0,238493
33,0,238877
31,0,239271
30,0,239692
38,0,240090
27,0,240516
27,0,240929
28,0,241294
49,0,241703
28,0,242099
28,0,242510
23,0,242943
29,0,243339
29,0,243747
31,0,244112
31,0,244560
21,0,244942
23,0,245390
20,0,245791
33,0,246213
28,0,246607
26,0,247013
30,0,247483
29,0,247875
30,0,248272
25,0,248731
33,0,249113
40,0,249537
31,0,249960
33,0,250354
35,0,250797
39,0,251204
24,0,251633
20,0,252063
22,0,252485
26,0,252907
29,0,253360
26,0,253776
34,0,254134
37,0,254604
37,0,254994
26,0,255467
21,0,255898
21,0,256317
34,0,256762
33,0,257207
33,0,257589
31,0,258061
23,0,258480
27,0,258908
28,0,259346
27,0,259777
27,0,260239
18,0,260650
22,0,261067
27,0,261544
22,0,261979
29,0,262448
28,0,262826
27,0,263275
23,0,263733
25,0,264217
30,0,264594
28,0,265040
37,0,265509
38,0,265963
32,0,266369
34,0,266852
33,0,267299
34,0,267746
37,0,268203
28,0,268631
32,0,269085
38,0,269561
36,0,269936
32,0,270461
28,0,270885
46,0,271333
23,0,271788
29,0,272265
42,0,272703
22,0,273191
26,0,273646
32,0,274120
30,0,274567
29,0,275059
40,0,275471
37,0,275926
37,0,276413
25,0,276872
37,0,277327
30,0,277824
29,0,278267
29,0,278728
23,0,279215
33,0,279679
24,0,280163
35,0,280575
35,0,281073
52,0,281588
31,0,282026
33,0,282474
32,0,282974
40,0,283476
44,0,283916
27,0,284347
34,0,284906
36,0,285350
27,0,285825
39,0,286320
30,0,286735
31,0,287284
31,0,287749
43,0,288238
28,0,288739
45,0,289233
48,0,289681
37,0,290164
34,0,290655
35,0,291144
36,0,291616
45,0,292145
42,0,292587
38,0,293097
38,0,293618
36,0,294069
35,0,294590
28,0,295081
46,0,295590
44,0,296077
30,0,296533
42,0,297056
33,0,297545
44,0,298066
48,0,298496
48,0,299061
42,0,299536
38,0,300052
49,0,300580
45,0,301077
39,0,301551
45,0,302103
40,0,302616
34,0,303086
36,0,303590
33,0,304139
40,0,304585
43,0,305116
37,0,305639
46,0,306177
45,0,306702
51,0,307161
45,0,307690
42,0,308207
38,0,308777
53,0,309245
39,0,309792
33,0,310274
43,0,310779
31,0,311347
35,0,311841
43,0,312376
35,0,312897
33,0,313415
40,0,313967
36,0,314477
40,0,315013
41,0,315545
33,0,316094
34,0,316597
37,0,317119
52,0,317625
31,0,318175
28,0,318711
42,0,319258
40,0,319775
35,0,320310
43,0,320842
45,0,321418
44,0,321942
45,0,322475
40,0,323022
45,0,323536
50,0,324119
33,0,324624
49,0,325184
41,0,325715
49,0,326266
46,0,326811
40,0,327369
43,0,327943
48,0,328477
39,0,329023
46,0,329605
51,0,330110
38,0,330701
54,0,331229
38,0,331802
49,0,332356
54,0,332936
40,0,333509
59,0,334042
40,0,334577
39,0,335157
39,0,335711
38,0,336282
48,0,336808
45,0,337406
55,0,337961
43,0,338543
36,0,339076
45,0,339672
40,0,340214
55,0,340842
54,0,341392
57,0,341924
44,0,342567
28,0,343094
46,0,343680
38,0,344241
42,0,344858
48,0,345399
50,0,345979
51,0,346562
45,0,347151
53,0,347740
40,0,348320
41,0,348921
49,0,349485
44,0,350088
52,0,350641
60,0,351273
45,0,351843
51,0,352427
54,0,353008
49,0,353628
50,0,354188
49,0,354789
60,0,355389
48,0,356000
52,0,356596
55,0,357162
56,0,357750
47,0,358392
42,0,358980
48,0,359573
49,0,360200
30,0,360806
57,0,361395
57,0,362014
47,0,362615
58,0,363231
50,0,363816
58,0,364432
51,0,365051
47,0,365599
52,0,366238
54,0,366920
55,0,367504
62,0,368114
62,0,368689
56,0,369342
47,0,369982
47,0,370588
44,0,371197
51,0,371841
54,0,372460
40,0,373069
55,0,373731
54,0,374349
40,0,374958
56,0,375570
63,0,376214
42,0,376856
45,0,377484
49,0,378136
59,0,378763
57,0,379393
60,0,379988
52,0,380659
54,0,381331
50,0,381931
67,0,382618
48,0,383223
47,0,383859
52,0,384509
61,0,385148
49,0,385794
57,0,386478
38,0,387088
67,0,387728
66,0,388387
56,0,389040
55,0,389691
69,0,390338
43,0,391015
70,0,391667
52,0,392297
56,0,392983
59,0,393658
56,0,394304
54,0,394958
58,0,395646
45,0,396259
59,0,396942
56,0,397616
64,0,398263
71,0,398950
64,0,399643
59,0,400316
56,0,400978
65,0,401641
68,0,402314
55,0,402972
54,0,403642
55,0,404294
70,0,405001
68,0,405665
54,0,406372
66,0,407005
58,0,407703
68,0,408436
76,0,409112
68,0,409747
67,0,410464
57,0,411138
54,0,411824
65,0,412505
78,0,413220
68,0,413910
58,0,414598
56,0,415283
63,0,416026
65,0,416709
62,0,417438
57,0,418113
59,0,418801
55,0,419527
64,0,420187
65,0,420904
69,0,421581
59,0,422335
65,0,423038
66,0,423697
70,0,424454
56,0,425188
62,0,425905
60,0,426623
61,0,427313
66,0,428063
66,0,428698
64,0,429480
67,0,430202
60,0,430928
72,0,431623
66,0,432401
86,0,433088
62,0,433801
79,0,434537
71,0,435284
64,0,435987
71,0,436715
57,0,437468
60,0,438206
70,0,438934
73,0,439664
57,0,440392
61,0,441135
76,0,441853
71,0,442616
91,0,443396
66,0,444127
68,0,444851
73,0,445562
64,0,446339
71,0,447046
76,0,447850
71,0,448596
79,0,449370
59,0,450090
73,0,450865
77,0,451575
67,0,452366
68,0,453130
68,0,453955
75,0,454620
79,0,455355
75,0,456169
74,0,456900
67,0,457725
80,0,458437
62,0,459210
76,0,459998
80,0,460784
69,0,461541
74,0,462327
74,0,463080
69,0,463909
73,0,464617
73,0,465438
85,0,466173
82,0,466967
86,0,467776
89,0,468563
60,0,469320
83,0,470114
71,0,470890
90,0,471715
80,0,472507
80,0,473330
87,0,474075
73,0,474894
82,0,475678
80,0,476496
73,0,477261
92,0,478059
85,0,478865
89,0,479669
85,0,480481
89,0,481284
84,0,482108
92,0,482912
70,0,483716
97,0,484501
73,0,485350
85,0,486162
75,0,486969
89,0,487769
88,0,488611
88,0,489422
84,0,490236
94,0,491069
79,0,491917
88,0,492711
65,0,493539
82,0,494398
79,0,495244
80,0,496023
79,0,496848
100,0,497660
93,0,498525
82,0,499365
97,0,500227
98,0,501039
84,0,501900
89,0,502734
91,0,503539
83,0,504398
102,0,505262
79,0,506094
90,0,506942
75,0,507817
86,0,508645
89,0,509515
90,0,510381
98,0,511227
89,0,512063
74,0,512974
91,0,513772
82,0,514708
97,0,515499
89,0,516376
82,0,517251
86,0,518111
86,0,518992
71,0,519885
80,0,520728
97,0,521596
95,0,522448
107,0,523341
77,0,524219
92,0,525086
94,0,525976
88,0,526833
87,0,527745
77,0,528589
83,0,529541
94,0,530423
95,0,531300
105,0,532163
85,0,533083
91,0,533965
88,0,534878
70,0,535802
88,0,536648
95,0,537532
79,0,538431
101,0,539379
91,0,540220
104,0,541175
91,0,542058
85,0,543024
101,0,543916
118,0,544836
95,0,545714
100,0,546677
91,0,547546
103,0,548482
88,0,549429
98,0,550330
94,0,551235
104,0,552147
75,0,553109
85,0,554004
93,0,554969
103,0,555885
87,0,556801
93,0,557740
87,0,558699
92,0,559649
92,0,560612
99,0,561502
99,0,562434
101,0,563421
101,0,564343
101,0,565321
81,0,566165
100,0,567164
106,0,568102
93,0,569048
110,0,570035
124,0,571006
107,0,571964
98,0,572907
90,0,573903
105,0,574818
103,0,575799
95,0,576737
98,0,577740
111,0,578665
96,0,579689
100,0,580629
100,0,581610
107,0,582588
113,0,583551
96,0,584566
115,0,585502
93,0,586478
104,0,587510
106,0,588494
80,0,589443
101,0,590418
107,0,591403
96,0,592413
118,0,593438
103,0,594381
110,0,595408
112,0,596414
103,0,597395
92,0,598398
98,0,599397
120,0,600459
107,0,601449
110,0,602438
107,0,603406
99,0,604439
110,0,605463
104,0,606467
111,0,607463
121,0,608498
122,0,609519
97,0,610548
112,0,611570
131,0,612598
117,0,613581
113,0,614675
134,0,615652
111,0,616723
106,0,617747
120,0,618799
122,0,619870
101,0,620885
111,0,621878
106,0,622950
105,0,624006
112,0,625033
114,0,626050
100,0,627177
114,0,628194
121,0,629247
107,0,630316
104,0,631339
105,0,632453
120,0,633469
114,0,634534
114,0,635607
126,0,636667
114,0,637823
132,0,638800
103,0,639843
125,0,640946
120,0,642018
132,0,643066
108,0,644164
86,0,645253
109,0,646304
125,0,647426
122,0,648526
108,0,649562
115,0,650694
107,0,651744
124,0,652908
116,0,653922
123,0,655075
112,0,656137
126,0,657279
129,0,658380
115,0,659444
127,0,660614
111,0,661709
128,0,662809
134,0,663903
114,0,665015
113,0,666115
129,0,667237
128,0,668363
124,0,669515
123,0,670595
133,0,671736
120,0,672835
128,0,673932
128,0,675138
131,0,676220
129,0,677387
122,0,678519
123,0,679658
122,0,680738
118,0,681896
130,0,683038
132,0,684202
138,0,685333
131,0,686526
126,0,687640
128,0,688834
124,0,689924
125,0,691192
115,0,692273
143,0,693452
152,0,694584
157,0,695775
144,0,696925
123,0,698104
129,0,699268
126,0,700387
122,0,701676
157,0,702823
123,0,703983
103,0,705155
108,0,706305
128,0,707523
139,0,708724
155,0,709877
149,0,711031
140,0,712300
133,0,713440
148,0,714645
128,0,715871
130,0,717070
145,0,718287
126,0,719474
141,0,720671
117,0,721924
132,0,723117
148,0,724298
129,0,725530
131,0,726717
126,0,727947
136,0,729157
116,0,730365
160,0,731683
133,0,732842
158,0,734059
140,0,735327
135,0,736595
139,0,737768
138,0,739030
137,0,740279
137,0,741513
118,0,742740
124,0,743998
156,0,745214
144,0,746452
157,0,747733
144,0,748967
133,0,750248
149,0,751529
143,0,752760
155,0,754001
139,0,755286
169,0,756547
148,0,757827
152,0,759046
169,0,760357
135,0,761602
141,0,762898
146,0,764145
137,0,765441
146,0,766793
133,0,768058
157,0,769365
133,0,770604
142,0,771939
161,0,773209
115,0,774499
164,0,775786
161,0,777070
127,0,778412
142,0,779719
134,0,781063
132,0,782350
154,0,783616
146,0,784889
152,0,786250
144,0,787571
140,0,788920
145,0,790246
142,0,791542
146,0,792888
164,0,794266
148,0,795487
145,0,796925
152,0,798208
167,0,799546
179,0,800885
133,0,802252
172,0,803565
163,0,804909
163,0,806273
168,0,807634
162,0,809007
168,0,810325
163,0,811638
166,0,813028
152,0,814385
160,0,815805
151,0,817109
145,0,818510
132,0,819898
146,0,821238
173,0,822618
183,0,824025
162,0,825380
148,0,826839
152,0,828148
151,0,829532
164,0,830922
172,0,832308
153,0,833736
152,0,835103
170,0,836536
160,0,837885
163,0,839304
167,0,840767
186,0,842113
150,0,843525
148,0,844939
148,0,846412
171,0,847799
154,0,849219
174,0,850630
172,0,852026
164,0,853500
163,0,854938
143,0,856388
172,0,857776
148,0,859264
164,0,860684
168,0,862147
154,0,863586
162,0,864996
189,0,866528
167,0,867884
156,0,869354
132,0,870816
181,0,872264
134,0,873740
163,0,875278
168,0,876745
163,0,878116
161,0,879659
161,0,881100
168,0,882584
149,0,884045
179,0,885585
166,0,887004
167,0,888524
164,0,890006
176,0,891445
178,0,892977
162,0,894502
198,0,896017
172,0,897457
189,0,899002
151,0,900566
154,0,901982
194,0,903497
169,0,904998
170,0,906507
183,0,908015
166,0,909622
181,0,911184
168,0,912615
192,0,914174
171,0,915694
185,0,917237
187,0,918746
179,0,920276
170,0,921865
176,0,923402
173,0,924988
173,0,926509
179,0,928066
194,0,929579
168,0,931206
167,0,932753
178,0,934324
173,0,935847
160,0,937425
187,0,939041
178,0,940612
154,0,942133
155,0,943736
160,0,945346
191,0,946867
198,0,948474
166,0,950130
161,0,951687
184,0,953302
198,0,954823
177,0,956520
175,0,958115
192,0,959724
182,0,961306
181,0,962922
173,0,964505
190,0,966187
189,0,967738
175,0,969325
169,0,971013
183,0,972583
184,0,974242
205,0,975851
191,0,977546
192,0,979167
201,0,980809
187,0,982441
188,0,984138
186,0,985757
162,0,987442
171,0,989056
210,0,990754
185,0,992378
186,0,994074
181,0,995728
207,0,997407
187,0,999029
202,0,1.00072e+06
199,0,1.00245e+06
223,0,1.00408e+06
208,0,1.00573e+06
187,0,1.00745e+06
180,0,1.00924e+06
212,0,1.01085e+06
186,0,1.01253e+06
184,0,1.01425e+06
196,0,1.01595e+06
188,0,1.01765e+06
194,0,1.0194e+06
207,0,1.02109e+06
192,0,1.02278e+06
221,0,1.02446e+06
200,0,1.0262e+06
185,0,1.02794e+06
188,0,1.02964e+06
183,0,1.03138e+06
202,0,1.03305e+06
207,0,1.03479e+06
205,0,1.03661e+06
184,0,1.03827e+06
182,0,1.04011e+06
198,0,1.0418e+06
222,0,1.04353e+06
189,0,1.04524e+06
212,0,1.0471e+06
187,0,1.04882e+06
185,0,1.05057e+06
200,0,1.05235e+06
191,0,1.05407e+06
213,0,1.05584e+06
204,0,1.05759e+06
177,0,1.05941e+06
170,0,1.06111e+06
186,0,1.06296e+06
200,0,1.0647e+06
214,0,1.06654e+06
221,0,1.06832e+06
234,0,1.07008e+06
211,0,1.07195e+06
229,0,1.07373e+06
220,0,1.07545e+06
225,0,1.07738e+06
195,0,1.0791e+06
214,0,1.08094e+06
207,0,1.08268e+06
221,0,1.08461e+06
221,0,1.08637e+06
207,0,1.08819e+06
222,0,1.09003e+06
230,0,1.09185e+06
208,0,1.09367e+06
224,0,1.09554e+06
180,0,1.09737e+06
205,0,1.09916e+06
199,0,1.10107e+06
204,0,1.10284e+06
208,0,1.10478e+06
211,0,1.1066e+06
215,0,1.10845e+06
226,0,1.11021e+06
188,0,1.11213e+06
191,0,1.11405e+06
199,0,1.11587e+06
216,0,1.11776e+06
247,0,1.11963e+06
236,0,1.12148e+06
221,0,1.12336e+06
237,0,1.12526e+06
218,0,1.12714e+06
203,0,1.12901e+06
218,0,1.13095e+06
221,0,1.13284e+06
229,0,1.13476e+06
213,0,1.13665e+06
204,0,1.13852e+06
246,0,1.14041e+06
232,0,1.14234e+06
243,0,1.14428e+06
222,0,1.14616e+06
237,0,1.1481e+06
241,0,1.15003e+06
213,0,1.15195e+06
218,0,1.15389e+06
221,0,1.15582e+06
225,0,1.15776e+06
240,0,1.15972e+06
223,0,1.16169e+06
257,0,1.16366e+06
234,0,1.1656e+06
234,0,1.1675e+06
220,0,1.16947e+06
239,0,1.17147e+06
216,0,1.17336e+06
231,0,1.17535e+06
211,0,1.1773e+06
240,0,1.17934e+06
239,0,1.1813e+06
219,0,1.18331e+06
231,0,1.18534e+06
207,0,1.18722e+06
225,0,1.18922e+06
232,0,1.19127e+06
237,0,1.19325e+06
241,0,1.19523e+06
238,0,1.19726e+06
245,0,1.19923e+06
224,0,1.20124e+06
230,0,1.20327e+06
234,0,1.20529e+06
231,0,1.20735e+06
249,0,1.20935e+06
222,0,1.21137e+06
253,0,1.21341e+06
267,0,1.21548e+06
247,0,1.21748e+06
269,0,1.21949e+06
229,0,1.22158e+06
262,0,1.22361e+06
260,0,1.22568e+06
241,0,1.22771e+06
254,0,1.22971e+06
262,0,1.23182e+06
252,0,1.23392e+06
245,0,1.23593e+06
237,0,1.23807e+06
215,0,1.24006e+06
216,0,1.24222e+06
249,0,1.24429e+06
254,0,1.24638e+06
234,0,1.24844e+06
256,0,1.25046e+06
228,0,1.25265e+06
220,0,1.25478e+06
272,0,1.25686e+06
255,0,1.25899e+06
272,0,1.26106e+06
230,0,1.26321e+06
216,0,1.26533e+06
262,0,1.26745e+06
216,0,1.26949e+06
259,0,1.2717e+06
233,0,1.27387e+06
247,0,1.27593e+06
244,0,1.27819e+06
256,0,1.28026e+06
254,0,1.2824e+06
243,0,1.28457e+06
238,0,1.28672e+06
259,0,1.28884e+06
267,0,1.29103e+06
259,0,1.29317e+06
246,0,1.29527e+06
256,0,1.29754e+06
235,0,1.29971e+06
236,0,1.30187e+06
249,0,1.30414e+06
256,0,1.30628e+06
250,0,1.30846e+06
248,0,1.3106e+06
259,0,1.31288e+06
259,0,1.31504e+06
248,0,1.31728e+06
237,0,1.31952e+06
274,0,1.32166e+06
247,0,1.32386e+06
273,0,1.32612e+06
240,0,1.32835e+06
259,0,1.33051e+06
257,0,1.3328e+06
260,0,1.33505e+06
263,0,1.33729e+06
288,0,1.3395e+06
236,0,1.34173e+06
246,0,1.34402e+06
258,0,1.34619e+06
243,0,1.34855e+06
273,0,1.35085e+06
277,0,1.35304e+06
235,0,1.35534e+06
254,0,1.35761e+06
251,0,1.35985e+06
279,0,1.36214e+06
259,0,1.36442e+06
282,0,1.3667e+06
257,0,1.36902e+06
266,0,1.37126e+06
272,0,1.37358e+06
258,0,1.37587e+06
260,0,1.37823e+06
263,0,1.38055e+06
290,0,1.38287e+06
272,0,1.38515e+06
255,0,1.38756e+06
258,0,1.38985e+06
254,0,1.39215e+06
262,0,1.3945e+06
290,0,1.3968e+06
280,0,1.39921e+06
269,0,1.40152e+06
264,0,1.40386e+06
269,0,1.40625e+06
285,0,1.40853e+06
231,0,1.41088e+06
267,0,1.4132e+06
294,0,1.41569e+06
282,0,1.41806e+06
260,0,1.42042e+06
279,0,1.42281e+06
281,0,1.42526e+06
280,0,1.42762e+06
263,0,1.42993e+06
296,0,1.43235e+06
283,0,1.43479e+06
258,0,1.43715e+06
263,0,1.43964e+06
294,0,1.44204e+06
289,0,1.44444e+06
275,0,1.44683e+06
275,0,1.44931e+06
266,0,1.45178e+06
280,0,1.45417e+06
273,0,1.4566e+06
271,0,1.45907e+06
270,0,1.46143e+06
283,0,1.46395e+06
280,0,1.46641e+06
285,0,1.46883e+06
277,0,1.47128e+06
269,0,1.47383e+06
280,0,1.47629e+06
291,0,1.47871e+06
298,0,1.48114e+06
294,0,1.48372e+06
262,0,1.48616e+06
305,0,1.48866e+06
315,0,1.49118e+06
293,0,1.49373e+06
318,0,1.49625e+06
265,0,1.49879e+06
270,0,1.50117e+06
294,0,1.50373e+06
313,0,1.50622e+06
283,0,1.50883e+06
276,0,1.51131e+06
317,0,1.51389e+06
305,0,1.51636e+06
311,0,1.51886e+06
291,0,1.5215e+06
303,0,1.52401e+06
310,0,1.52657e+06
286,0,1.52908e+06
298,0,1.53168e+06
265,0,1.53429e+06
300,0,1.53682e+06
256,0,1.53936e+06
326,0,1.54206e+06
303,0,1.54454e+06
260,0,1.54721e+06
312,0,1.54976e+06
307,0,1.55236e+06
309,0,1.55501e+06
309,0,1.55759e+06
302,0,1.56019e+06
296,0,1.56282e+06
313,0,1.56548e+06
318,0,1.56813e+06
312,0,1.57072e+06
348,0,1.57329e+06
344,0,1.57596e+06
313,0,1.57867e+06
318,0,1.5813e+06
305,0,1.58398e+06
328,0,1.58652e+06
308,0,1.58927e+06
327,0,1.59198e+06
336,0,1.59453e+06
323,0,1.59724e+06
287,0,1.59996e+06
358,0,1.60263e+06
333,0,1.60529e+06
315,0,1.60795e+06
308,0,1.61062e+06
313,0,1.61337e+06
288,0,1.61611e+06
307,0,1.6188e+06
292,0,1.62148e+06
326,0,1.62426e+06
313,0,1.62699e+06
325,0,1.62974e+06
316,0,1.63245e+06
330,0,1.63517e+06
303,0,1.63791e+06
310,0,1.64063e+06
302,0,1.64341e+06
292,0,1.64618e+06
332,0,1.64889e+06
293,0,1.65159e+06
342,0,1.65443e+06
290,0,1.65727e+06
364,0,1.66009e+06
316,0,1.66292e+06
315,0,1.66554e+06
299,0,1.6683e+06
373,0,1.67125e+06
310,0,1.67399e+06
319,0,1.67682e+06
391,0,1.67971e+06
360,0,1.68235e+06
322,0,1.6853e+06
332,0,1.6881e+06
360,0,1.69093e+06
355,0,1.69373e+06
309,0,1.69658e+06
337,0,1.69947e+06
318,0,1.70226e+06
320,0,1.70517e+06
283,0,1.70799e+06
333,0,1.71081e+06
359,0,1.71374e+06
353,0,1.71654e+06
345,0,1.71948e+06
298,0,1.72239e+06
329,0,1.72531e+06
328,0,1.72818e+06
361,0,1.73092e+06
347,0,1.73397e+06
318,0,1.73695e+06
372,0,1.73987e+06
335,0,1.74273e+06
322,0,1.74556e+06
369,0,1.74855e+06
297,0,1.75145e+06
360,0,1.75442e+06
335,0,1.75735e+06
346,0,1.76026e+06
342,0,1.76322e+06
358,0,1.76625e+06
368,0,1.76914e+06
319,0,1.77213e+06
329,0,1.77515e+06
359,0,1.77811e+06
347,0,1.78109e+06
358,0,1.78408e+06
341,0,1.78706e+06
354,0,1.79006e+06
320,0,1.79307e+06
380,0,1.796e+06
356,0,1.79907e+06
343,0,1.80207e+06
378,0,1.80516e+06
317,0,1.80807e+06
334,0,1.81119e+06
350,0,1.81422e+06
337,0,1.81725e+06
346,0,1.82029e+06
352,0,1.82332e+06
388,0,1.82636e+06
363,0,1.82941e+06
351,0,1.83252e+06
351,0,1.83558e+06
354,0,1.83868e+06
363,0,1.84172e+06
342,0,1.84496e+06
363,0,1.84803e+06
368,0,1.85108e+06
376,0,1.85412e+06
396,0,1.85723e+06
338,0,1.86035e+06
349,0,1.86345e+06
362,0,1.86664e+06
374,0,1.86982e+06
351,0,1.87294e+06
348,0,1.876e+06
377,0,1.87921e+06
333,0,1.88236e+06
340,0,1.88547e+06
355,0,1.88867e+06
375,0,1.89186e+06
392,0,1.895e+06
368,0,1.89816e+06
364,0,1.90138e+06
380,0,1.90456e+06
407,0,1.90771e+06
389,0,1.9109e+06
360,0,1.91417e+06
382,0,1.91734e+06
417,0,1.92052e+06
417,0,1.92378e+06
382,0,1.92695e+06
377,0,1.93028e+06
381,0,1.93349e+06
373,0,1.93678e+06
392,0,1.94003e+06
389,0,1.94334e+06
329,0,1.94654e+06
395,0,1.94974e+06
361,0,1.9531e+06
354,0,1.95631e+06
394,0,1.95957e+06
375,0,1.96293e+06
390,0,1.96609e+06
393,0,1.96948e+06
424,0,1.97277e+06
382,0,1.97613e+06
367,0,1.97946e+06
389,0,1.98268e+06
374,0,1.98602e+06
354,0,1.98945e+06
419,0,1.9927e+06
401,0,1.99603e+06
388,0,1.99934e+06
397,0,2.0028e+06
391,0,2.00613e+06
395,0,2.00954e+06
397,0,2.01292e+06
410,0,2.01622e+06
384,0,2.01959e+06
403,0,2.02306e+06
407,0,2.02638e+06
427,0,2.0298e+06
381,0,2.03319e+06
414,0,2.0366e+06
392,0,2.03995e+06
392,0,2.04342e+06
403,0,2.04687e+06
420,0,2.05025e+06
421,0,2.05374e+06
437,0,2.05722e+06
409,0,2.06063e+06
442,0,2.06409e+06
399,0,2.06757e+06
423,0,2.07101e+06
408,0,2.07451e+06
451,0,2.07789e+06
367,0,2.08151e+06
414,0,2.0849e+06
402,0,2.08848e+06
406,0,2.09198e+06
444,0,2.09541e+06
387,0,2.09899e+06
406,0,2.10254e+06
434,0,2.10609e+06
389,0,2.10959e+06
400,0,2.11309e+06
403,0,2.11668e+06
438,0,2.12025e+06
435,0,2.1237e+06
419,0,2.12733e+06
423,0,2.13083e+06
431,0,2.13443e+06
407,0,2.13814e+06
423,0,2.14164e+06
407,0,2.14514e+06
452,0,2.14888e+06
421,0,2.15238e+06
391,0,2.15602e+06
463,0,2.15961e+06
431,0,2.16326e+06
419,0,2.16692e+06
462,0,2.17044e+06
403,0,2.1741e+06
434,0,2.17788e+06
433,0,2.18141e+06
462,0,2.18512e+06
431,0,2.18864e+06
440,0,2.19243e+06
413,0,2.19602e+06
455,0,2.19986e+06
439,0,2.20355e+06
458,0,2.20722e+06
433,0,2.21092e+06
487,0,2.21456e+06
424,0,2.21829e+06
433,0,2.22206e+06
421,0,2.22575e+06
461,0,2.2295e+06
471,0,2.23321e+06
423,0,2.23706e+06
421,0,2.24078e+06
482,0,2.24451e+06
444,0,2.24825e+06
441,0,2.25201e+06
445,0,2.2559e+06
466,0,2.25961e+06
457,0,2.26345e+06
391,0,2.26718e+06
489,0,2.27096e+06
418,0,2.27482e+06
471,0,2.27863e+06
434,0,2.28253e+06
454,0,2.28629e+06
444,0,2.29011e+06
428,0,2.29391e+06
466,0,2.29784e+06
438,0,2.3017e+06
467,0,2.30554e+06
434,0,2.3094e+06
437,0,2.31326e+06
488,0,2.31709e+06
465,0,2.32106e+06
484,0,2.32494e+06
420,0,2.32875e+06
462,0,2.33268e+06
474,0,2.33661e+06
492,0,2.34057e+06
467,0,2.3445e+06
474,0,2.34833e+06
496,0,2.35227e+06
442,0,2.35632e+06
483,0,2.36031e+06
498,0,2.36423e+06
469,0,2.36815e+06
457,0,2.37222e+06
489,0,2.37609e+06
436,0,2.38017e+06
461,0,2.38409e+06
451,0,2.38804e+06
442,0,2.39205e+06
459,0,2.3961e+06
494,0,2.40009e+06
480,0,2.40425e+06
481,0,2.40811e+06
493,0,2.41219e+06
444,0,2.4163e+06
471,0,2.4203e+06
469,0,2.4243e+06
467,0,2.42839e+06
491,0,2.43247e+06
488,0,2.43658e+06
478,0,2.4407e+06
504,0,2.44471e+06
499,0,2.44881e+06
432,0,2.45292e+06
465,0,2.45716e+06
485,0,2.46119e+06
510,0,2.46535e+06
514,0,2.46948e+06
499,0,2.47366e+06
466,0,2.47778e+06
493,0,2.48194e+06
468,0,2.48604e+06
522,0,2.49026e+06
498,0,2.49449e+06
529,0,2.49858e+06
495,0,2.50282e+06
492,0,2.50699e+06
530,0,2.51118e+06
479,0,2.51542e+06
524,0,2.51966e+06
523,0,2.52376e+06
548,0,2.5281e+06
509,0,2.53232e+06
466,0,2.53651e+06
508,0,2.54079e+06
497,0,2.54511e+06
504,0,2.54944e+06
531,0,2.55366e+06
523,0,2.55795e+06
486,0,2.56226e+06
527,0,2.5665e+06
475,0,2.57084e+06
513,0,2.57519e+06
537,0,2.57952e+06
505,0,2.58372e+06
529,0,2.58815e+06
493,0,2.59252e+06
511,0,2.59681e+06
486,0,2.60122e+06
483,0,2.60552e+06
517,0,2.60983e+06
547,0,2.61432e+06
511,0,2.61867e+06
482,0,2.62312e+06
495,0,2.62747e+06
534,0,2.63184e+06
507,0,2.63626e+06
549,0,2.64068e+06
530,0,2.64513e+06
512,0,2.64951e+06
527,0,2.65402e+06
525,0,2.65848e+06
541,0,2.66291e+06
532,0,2.66744e+06
569,0,2.67191e+06
536,0,2.6764e+06
542,0,2.68092e+06
551,0,2.68525e+06
520,0,2.68988e+06
507,0,2.6944e+06
479,0,2.6989e+06
551,0,2.70344e+06
585,0,2.70791e+06
532,0,2.71247e+06
567,0,2.71701e+06
548,0,2.72163e+06
531,0,2.72616e+06
528,0,2.73076e+06
530,0,2.73518e+06
552,0,2.73979e+06
558,0,2.74432e+06
564,0,2.7488e+06
540,0,2.75343e+06
541,0,2.75798e+06
548,0,2.76245e+06
535,0,2.76698e+06
500,0,2.77161e+06
593,0,2.77613e+06
548,0,2.78082e+06
565,0,2.78533e+06
576,0,2.78992e+06
550,0,2.79452e+06
551,0,2.799e+06
571,0,2.8035e+06
561,0,2.808e+06
509,0,2.81254e+06
577,0,2.81722e+06
532,0,2.82179e+06
568,0,2.8264e+06
588,0,2.83091e+06
564,0,2.83542e+06
537,0,2.84002e+06
521,0,2.8446e+06
540,0,2.8491e+06
549,0,2.85359e+06
550,0,2.85815e+06
588,0,2.86272e+06
546,0,2.86725e+06
527,0,2.87176e+06
503,0,2.87647e+06
536,0,2.88097e+06
580,0,2.88554e+06
551,0,2.89009e+06
549,0,2.89477e+06
581,0,2.89938e+06
566,0,2.90395e+06
531,0,2.90851e+06
532,0,2.91301e+06
546,0,2.91755e+06
513,0,2.922e+06
509,0,2.92646e+06
520,0,2.93099e+06
580,0,2.93548e+06
529,0,2.93997e+06
534,0,2.94463e+06
530,0,2.94925e+06
523,0,2.95384e+06
530,0,2.95833e+06
553,0,2.96279e+06
543,0,2.96725e+06
561,0,2.97175e+06
516,0,2.97619e+06
514,0,2.98078e+06
534,0,2.98533e+06
501,0,2.98988e+06
547,0,2.9944e+06
503,0,2.999e+06
515,0,3.00349e+06
549,0,3.00798e+06
505,0,3.01252e+06
523,0,3.01696e+06
489,0,3.02137e+06
527,0,3.02599e+06
522,0,3.03048e+06
523,0,3.035e+06
481,0,3.03959e+06
485,0,3.04418e+06
471,0,3.04858e+06
478,0,3.05311e+06
492,0,3.0575e+06
488,0,3.06201e+06
498,0,3.06644e+06
476,0,3.07101e+06
465,0,3.07547e+06
469,0,3.08003e+06
471,0,3.08439e+06
498,0,3.08898e+06
481,0,3.09339e+06
485,0,3.09783e+06
477,0,3.10215e+06
478,0,3.10664e+06
483,0,3.11099e+06
498,0,3.11552e+06
484,0,3.12e+06
504,0,3.12438e+06
469,0,3.12883e+06
464,0,3.13331e+06
476,0,3.13766e+06
488,0,3.14216e+06
445,0,3.14664e+06
482,0,3.15108e+06
472,0,3.15554e+06
495,0,3.16006e+06
483,0,3.16455e+06
438,0,3.16892e+06
498,0,3.17342e+06
488,0,3.17774e+06
451,0,3.18205e+06
465,0,3.18634e+06
471,0,3.19074e+06
465,0,3.19514e+06
502,0,3.19958e+06
440,0,3.20404e+06
422,0,3.20846e+06
479,0,3.21293e+06
491,0,3.21719e+06
425,0,3.22171e+06
467,0,3.22611e+06
413,0,3.23051e+06
463,0,3.23494e+06
463,0,3.2393e+06
438,0,3.24381e+06
419,0,3.24816e+06
473,0,3.25249e+06
425,0,3.25696e+06
460,0,3.26128e+06
442,0,3.26563e+06
458,0,3.26987e+06
427,0,3.27431e+06
460,0,3.27868e+06
463,0,3.28312e+06
426,0,3.28752e+06
427,0,3.29198e+06
483,0,3.29637e+06
417,0,3.30073e+06
448,0,3.30499e+06
463,0,3.30931e+06
390,0,3.31364e+06
434,0,3.31787e+06
457,0,3.32228e+06
444,0,3.32663e+06
414,0,3.33094e+06
439,0,3.33536e+06
425,0,3.33969e+06
476,0,3.34407e+06
435,0,3.34844e+06
413,0,3.35272e+06
433,0,3.35713e+06
447,0,3.3615e+06
464,0,3.3658e+06
448,0,3.37015e+06
453,0,3.37448e+06
465,0,3.37892e+06
448,0,3.38319e+06
441,0,3.38745e+06
427,0,3.39179e+06
466,0,3.39613e+06
433,0,3.4006e+06
451,0,3.40501e+06
430,0,3.40924e+06
448,0,3.41345e+06
493,0,3.41778e+06
445,0,3.42194e+06
427,0,3.4262e+06
441,0,3.43052e+06
429,0,3.43492e+06
429,0,3.43934e+06
464,0,3.44365e+06
428,0,3.44797e+06
430,0,3.45214e+06
419,0,3.45646e+06
463,0,3.4607e+06
403,0,3.46496e+06
454,0,3.4692e+06
400,0,3.4733e+06
479,0,3.47756e+06
406,0,3.48175e+06
453,0,3.48597e+06
464,0,3.49031e+06
443,0,3.4945e+06
453,0,3.49872e+06
463,0,3.503e+06
429,0,3.50736e+06
453,0,3.51148e+06
444,0,3.5157e+06
452,0,3.52004e+06
458,0,3.52424e+06
439,0,3.52842e+06
458,0,3.53269e+06
491,0,3.53698e+06
432,0,3.54116e+06
450,0,3.54539e+06
467,0,3.54954e+06
465,0,3.55378e+06
427,0,3.55794e+06
470,0,3.56225e+06
477,0,3.56664e+06
475,0,3.57087e+06
429,0,3.57512e+06
472,0,3.57942e+06
471,0,3.5837e+06
489,0,3.58796e+06
482,0,3.59228e+06
444,0,3.59658e+06
467,0,3.60085e+06
430,0,3.60506e+06
444,0,3.60933e+06
442,0,3.61362e+06
448,0,3.61794e+06
506,0,3.62209e+06
453,0,3.62634e+06
452,0,3.63063e+06
426,0,3.6349e+06
436,0,3.63906e+06
425,0,3.64317e+06
478,0,3.64735e+06
454,0,3.65162e+06
482,0,3.65578e+06
447,0,3.6601e+06
472,0,3.66438e+06
459,0,3.66867e+06
471,0,3.67302e+06
453,0,3.67718e+06
445,0,3.68128e+06
461,0,3.68556e+06
434,0,3.68971e+06
496,0,3.69388e+06
440,0,3.69829e+06
452,0,3.70254e+06
424,0,3.70681e+06
459,0,3.71108e+06
510,0,3.71536e+06
466,0,3.7197e+06
496,0,3.72384e+06
482,0,3.72801e+06
431,0,3.73226e+06
420,0,3.73652e+06
465,0,3.74069e+06
497,0,3.74499e+06
465,0,3.74928e+06
460,0,3.75353e+06
456,0,3.75771e+06
452,0,3.76198e+06
452,0,3.76611e+06
478,0,3.77033e+06
487,0,3.7745e+06
446,0,3.77864e+06
466,0,3.78278e+06
444,0,3.787e+06
472,0,3.79116e+06
490,0,3.7952e+06
438,0,3.7994e+06
481,0,3.80356e+06
454,0,3.80768e+06
468,0,3.81188e+06
487,0,3.81596e+06
450,0,3.82004e+06
472,0,3.82403e+06
485,0,3.82827e+06
419,0,3.83243e+06
501,0,3.83655e+06
449,0,3.84073e+06
483,0,3.84492e+06
459,0,3.84898e+06
451,0,3.85307e+06
520,0,3.85716e+06
462,0,3.86138e+06
459,0,3.86532e+06
486,0,3.86937e+06
505,0,3.8734e+06
441,0,3.87748e+06
463,0,3.88158e+06
498,0,3.88552e+06
477,0,3.88958e+06
512,0,3.89357e+06
458,0,3.89757e+06
455,0,3.90172e+06
456,0,3.9058e+06
525,0,3.90986e+06
474,0,3.91389e+06
443,0,3.91793e+06
468,0,3.92196e+06
490,0,3.92589e+06
479,0,3.92985e+06
485,0,3.93386e+06
457,0,3.93798e+06
453,0,3.94191e+06
461,0,3.94585e+06
473,0,3.94994e+06
480,0,3.9541e+06
464,0,3.95812e+06
494,0,3.96206e+06
490,0,3.96596e+06
482,0,3.96993e+06
490,0,3.97396e+06
487,0,3.97796e+06
485,0,3.98196e+06
463,0,3.98592e+06
507,0,3.98994e+06
493,0,3.99384e+06
443,0,3.99776e+06
451,0,4.00176e+06
447,0,4.00569e+06
458,0,4.00983e+06
491,0,4.01361e+06
459,0,4.0174e+06
498,0,4.02148e+06
