rmse, RBF, 3,0.0, 0.09713173, 0.11304617, 0.47135353, 0.78787804, 0.82161427, 1.480031, 1.7578125, 2.8733015, 2.796936, 3.105235, 3.6514997, 2.8886795, 4.2358994, 6.6691995, 5.2007556, 4.733956, 6.8881035, 4.795146, 6.8992615, 6.54757, 5.224657, 6.0590625, 4.028499, 9.338867, 6.8324327, 7.265687, 9.236336, 9.780252, 8.38697, 7.5464964, 7.869637, 8.832383, 9.500599, 8.496833, 8.014906, 9.867549, 7.586813, 9.964299, 8.906067, 10.722542, 7.7394485, 11.73768, 8.148289, 6.3789487, 4.917276, 10.639584, 11.639166, 6.1470866, 11.116743, 11.101913, 9.8020315, 7.916546, 6.0893536, 7.135093, 7.8846216, 13.284159, 9.989464, 7.621014, 10.946631, 5.7970524, 6.5945864, 8.796239, 10.192871, 8.7797165, 11.760354, 12.945318, 9.782755, 10.525322, 8.048797, 11.8240595, 10.95717, 9.832954, 8.730865, 6.127584, 8.266759, 6.361842, 11.040139, 6.86121, 6.4478397, 8.746409, 9.653497, 8.494711, 9.945273, 10.133481, 8.234358, 6.996584, 3.7577152, 9.86619, 7.4404716, 13.113356, 3.6152244, 8.972049, 7.5099707, 3.3555746, 9.330916, 2.4095058, 12.018478, 7.0111036, 8.573341, 8.960867, 4.8743486, 5.517435, 8.143115, 5.970049, 8.660293, 5.4870963, 1.9368887, 10.093653, 5.65325, 5.6424856, 5.1124334, 4.8927665, 6.488228, 7.2071195, 7.738638, 5.125761, 3.178227, 7.1282864, 13.320791, 8.299446, 4.7584534, 6.5830708, 4.8009396, 8.646679, 3.2721639, 4.091263, 4.353702, 4.9456596, 3.431487, 5.6180954, 4.0650845, 4.825628, 5.3287864, 2.633071, 3.856182, 2.5727391, 1.4340997, 1.5789747, 5.239749, 6.11856, 0.71024895, 2.0593524, 3.7535906, 0.9738445, 2.3326993, 5.9714794, 2.6020527, 2.4426699, 3.6975622, 3.6643505, 4.486513, 7.1419954, 4.3100595, 5.9961557, 2.7742982, 3.6038637, 1.762557, 3.3076882, 4.757273, 3.5032272, 1.7497063, 2.3596764, 6.0115814, 5.4404855, 5.4021716, 4.188168, 5.7682753, 2.9050827, 2.6643634, 3.3462524, 1.2099624, 4.790473, 2.9940128, 2.600336, 4.7441483, 1.525259, 4.2529583, 1.8776655, 3.1394005, 2.2220135, 1.6596317, 3.0593634, 4.63835, 1.7967701, 5.187845, 2.9301643, 5.465007, 0.87411404, 1.613307, 2.5760412, 1.4624834, 3.350687, 3.1948805, 2.8784633, 2.0920157, 2.8827667, 1.845789, 0.9340763, 3.4444094, 2.268505, 1.7637014, 1.5195727, 2.3642898, 2.8456688, 2.930975, 3.2926798, 3.051877, 0.8734822, 2.3674726, 2.7549982, 1.7566442, 2.2027493, 2.708578, 2.4517536, 1.1296272, 2.354598, 1.2776375, 1.3238192, 2.6891232, 3.0724049, 0.992012, 1.8126965, 1.1971235, 1.8304944, 1.1607051, 2.0931482, 2.239728, 2.63412, 2.3048162, 2.038002, 0.9171486, 0.64707994, 1.5911818, 1.1643648, 1.3064861, 1.6865969, 1.5304565, 1.8753529, 1.9862175, 2.1713018, 2.530098, 1.0115147, 0.90095997, 1.2582421, 1.5166283, 1.3047695, 2.7079701, 0.9302139, 1.5908718, 1.6822815, 1.3193011, 1.5875101, 1.0329962, 1.6161203, 1.5778303, 2.4182558, 1.9712329, 0.69435835, 1.1911273, 1.0656595, 1.5421152, 0.95772743, 1.1140347, 2.22857, 0.5364418, 1.4628172, 1.8522263, 1.7269611, 1.3522148, 0.99339485, 1.2285948, 1.1614919, 1.0715127, 0.5320668, 2.5775194, 1.3731241, 1.2823582, 1.0017633, 1.1436701, 2.049613, 0.56750774, 0.8182168, 1.1827707, 0.81350803, 1.4148474, 1.1175156, 1.6060114, 1.2399077, 1.8424273, 1.3055325, 0.86808205, 0.77335835, 0.586462, 0.4839182, 0.8205533, 1.4395237, 1.3371944, 0.53224564, 0.80741644
report, RBF, 3,0.14613867, 0.29072762, 0.4506111, 0.5968332, 0.70164204, 0.85184574, 1.1424541, 1.4588356, 1.4955997, 1.916635, 1.884079, 2.0214796, 2.441287, 2.3957849, 2.5136948, 2.5104403, 2.8337836, 3.0472994, 3.068304, 3.0893087, 3.4819126, 3.3900976, 3.5035133, 4.003942, 3.5416603, 4.063785, 3.8194776, 4.0245533, 4.3144226, 4.4142485, 4.3175697, 4.318261, 4.280865, 4.663849, 4.076171, 4.397571, 4.7492504, 4.451823, 4.5327544, 4.5520782, 4.7446966, 4.974091, 4.788804, 4.766226, 4.6753407, 4.9016953, 4.5565724, 4.9418926, 4.627502, 4.642749, 5.0307393, 5.0451756, 4.7385454, 4.756367, 4.6910167, 5.1530957, 5.0381184, 5.1784515, 5.221617, 4.8298597, 4.6876907, 5.0753593, 4.843545, 5.2913904, 5.074334, 4.88683, 5.562496, 5.260825, 5.011368, 5.016017, 4.862833, 4.7975063, 5.0907373, 4.821658, 5.398035, 5.282092, 5.058706, 5.3688765, 5.64003, 5.1542997, 5.162692, 5.6232214, 5.338359, 5.321133, 5.2848577, 5.558634, 5.1308274, 5.0979376, 5.1536083, 5.5908203, 5.438447, 5.742109, 4.829979, 4.881358, 4.684663, 5.4269075, 5.2592397, 5.157411, 5.777943, 5.510688, 5.7165623, 5.2989483, 5.3866625, 5.1825047, 5.4150224, 5.371499, 5.372429, 5.4297566, 5.6133747, 5.51908, 5.8852196, 5.6529403, 5.7774067, 5.5963516, 5.494046, 5.510998, 5.435014, 5.973387, 5.636549, 5.5585027, 5.8425426, 5.471933, 5.7819843, 5.4425597, 6.2119484, 5.932343, 5.495143, 5.965972, 5.719316, 5.8665752, 5.8338404, 5.803156, 6.0181856, 5.8238626, 6.1180353, 5.7554483, 5.875635, 5.7682514, 5.8888555, 5.6191206, 5.96869, 5.5030107, 6.3024044, 6.202173, 5.697179, 6.193316, 6.1867237, 5.9316397, 6.390238, 5.981803, 5.969429, 6.7447424, 5.651355, 6.566143, 6.4441085, 6.3549757, 6.497431, 6.0278296, 6.4084888, 6.029415, 6.281972, 6.104207, 7.3505282, 6.206703, 6.3233852, 6.178057, 6.3186407, 6.3954234, 6.1879396, 6.385243, 6.3090563, 6.558132, 6.192374, 6.2915564, 6.07481, 6.5469146, 6.526351, 6.6434383, 6.6084504, 6.7340136, 6.615329, 6.5742373, 6.7260504, 6.6687346, 6.948018, 6.519997, 6.442201, 6.6371202, 6.575513, 6.4109683, 7.00109, 6.656909, 7.0553303, 6.409788, 7.25224, 6.957197, 6.7269564, 6.9905877, 6.617534, 6.985533, 6.671667, 6.8087935, 6.3405395, 6.9945097, 7.198882, 7.421148, 6.8956137, 6.8311453, 7.0394993, 6.83403, 6.9903374, 7.3229074, 7.264471, 7.3547363, 7.3519945, 7.1983337, 7.0430517, 7.0738673, 7.35811, 7.0964217, 7.657218, 7.3382854, 7.2963595, 6.9359303, 7.1026325, 7.1210384, 7.279372, 7.3984146, 7.5853825, 7.2111607, 7.7042103, 7.925558, 7.705736, 7.4548483, 7.663369, 8.002197, 7.344365, 7.362318, 7.7140927, 8.238792, 8.077407, 7.139802, 7.476282, 8.18659, 7.9618454, 8.40652, 7.867646, 7.98018, 7.8511596, 8.14929, 8.128893, 8.373046, 7.9916716, 8.43823, 7.9149127, 7.947254, 9.007252, 7.8716516, 8.412516, 7.9034567, 8.117986, 8.665252, 8.300018, 8.309412, 8.850754, 8.397794, 8.171821, 8.387888, 8.480728, 7.884288, 8.124483, 8.407664, 8.433318, 8.163727, 9.054995, 8.477772, 8.567047, 8.490599, 8.670902, 8.768225, 8.627343, 8.846056, 9.071779, 8.371377, 8.787608, 8.578444, 8.1205845, 8.781934, 8.876955, 9.06837, 8.7944145, 9.338009, 8.677506, 8.90826, 9.079766, 8.961749, 8.799458, 9.170747, 9.033418, 8.599234
rmse, RBF, 5,0.0, 0.05238056, 0.43301582, 0.85059404, 1.2590885, 1.5039206, 1.7401218, 2.038002, 2.9586911, 2.5304556, 3.6000729, 3.860128, 7.5773, 6.272626, 7.2855473, 8.260107, 5.7955265, 7.8938007, 8.106685, 9.532606, 9.256649, 12.915861, 14.879524, 9.467173, 9.013915, 9.504843, 9.126258, 11.750221, 9.310436, 13.148141, 15.19022, 14.299393, 13.246226, 10.265422, 13.502669, 13.461089, 15.456152, 10.122871, 13.775492, 13.408852, 11.893356, 21.595442, 12.095451, 11.356211, 14.722527, 6.095624, 17.48395, 11.88345, 16.736544, 12.034416, 13.71212, 11.993146, 9.107637, 14.885319, 13.345957, 10.861158, 17.337275, 17.11607, 16.137552, 17.15783, 16.73578, 11.211205, 14.157152, 15.229058, 22.867727, 15.120053, 16.586136, 16.862822, 12.484384, 11.201644, 13.816822, 18.385792, 13.537359, 18.596851, 15.99803, 10.915327, 13.3092165, 17.781317, 19.82913, 14.865661, 18.888641, 16.348194, 15.439081, 11.029959, 16.743326, 18.43673, 10.2785225, 16.831493, 17.438244, 17.211103, 9.7915535, 14.733696, 14.093471, 12.130487, 15.021014, 16.505194, 13.964689, 20.0979, 9.847843, 14.720488, 18.329954, 10.317731, 14.8291, 14.392948, 13.60817, 16.002607, 12.530184, 16.507113, 11.916399, 11.405754, 11.586773, 15.670633, 12.432981, 16.178204, 9.096289, 8.846641, 9.730077, 9.851229, 12.6641035, 12.508011, 10.823334, 13.85107, 15.169311, 14.941859, 12.409412, 10.854173, 8.792925, 13.518405, 8.319449, 10.963178, 14.932036, 12.020826, 9.230053, 8.364666, 10.4596615, 9.450806, 13.399279, 11.528945, 12.085306, 9.574294, 13.235188, 10.795414, 15.204823, 10.2051735, 10.171437, 13.200914, 17.0537, 9.825778, 11.680675, 13.131738, 11.058927, 7.342458, 11.405301, 14.2410755, 11.21254, 8.146954, 18.580103, 6.8124294, 11.340618, 13.060594, 13.966298, 10.415101, 7.2530746, 10.4352, 9.276569, 10.068274, 8.665013, 9.352183, 9.29358, 14.262533, 10.029686, 9.918118, 4.2681217, 13.151097, 8.186507, 5.626881, 8.485818, 10.197687, 7.5914145, 10.246658, 8.566809, 9.190189, 9.511352, 7.0366144, 5.9607506, 9.566736, 6.533289, 8.157849, 9.907794, 11.249495, 7.9633117, 8.932352, 7.616949, 4.670143, 5.0237656, 7.249725, 5.11744, 7.1317196, 8.3696, 10.086929, 6.911564, 12.616396, 6.2175035, 8.178306, 13.182378, 9.03573, 3.728962, 4.4734955, 6.1226845, 9.588814, 5.9723377, 7.170558, 7.8878164, 6.3826084, 7.4356794, 2.4284363, 11.393309, 6.791985, 3.141737, 6.573987, 4.359269, 6.3024044, 2.1536589, 4.8725367, 7.262838, 8.93116, 6.9551945, 6.1557055, 6.7798376, 3.0088782, 4.034972, 6.7147017, 5.2794814, 3.7780523, 6.000638, 5.1982403, 4.511881, 4.7337294, 4.3461323, 6.712723, 3.2219648, 5.709076, 4.319918, 5.660081, 4.4346333, 4.8069477, 3.0526161, 3.084445, 6.8089724, 4.2574406, 5.014229, 4.2807817, 5.6345224, 3.9358616, 4.13692, 3.044641, 3.062141, 5.964482, 5.1883936, 8.483577, 3.1593919, 4.9521923, 5.488014, 6.0292125, 4.3887377, 4.6754837, 4.519558, 2.6272535, 5.4758906, 4.2672396, 6.9182634, 3.7551045, 5.292356, 2.922666, 6.3610673, 1.3351679, 3.7501454, 3.0083656, 4.582858, 5.138123, 4.027891, 3.0467153, 2.1931887, 5.4617643, 4.6342373, 4.8025846, 3.278494, 3.017068, 0.4903555, 3.1400442, 4.786265, 5.897808, 4.4865847, 2.5286913, 3.4527302, 2.9503584, 3.8045645, 4.086423, 3.0977964, 3.8303494
report, RBF, 5,0.1955986, 0.40121078, 0.6036997, 0.8179903, 1.0589838, 1.2347817, 1.5168548, 1.6853809, 2.0573378, 2.1939874, 2.6338816, 2.700162, 2.9471993, 3.2364368, 3.3181667, 3.7950516, 3.9704323, 4.441595, 4.6535015, 4.9518943, 4.63475, 4.8242927, 5.385971, 5.288911, 5.5307627, 6.025338, 6.096542, 5.7310343, 6.174803, 6.1402917, 6.9074273, 7.2504997, 6.9431067, 6.6022873, 7.582617, 7.0503473, 7.3817015, 7.0819616, 7.76726, 7.1256638, 7.5953603, 8.10957, 7.7172995, 7.36984, 7.818389, 7.636535, 8.187938, 8.140993, 8.566284, 8.2148075, 8.038497, 8.094204, 8.072769, 8.36792, 8.234203, 7.780552, 7.9879045, 7.4392796, 7.789719, 7.5642586, 7.876706, 7.7700615, 7.6337814, 7.892549, 8.090973, 7.399893, 8.326578, 7.7079296, 8.004141, 7.9280376, 7.802725, 7.959199, 7.798767, 8.082056, 7.9003096, 7.450545, 7.8277826, 7.775712, 7.7723503, 7.9204917, 7.9946995, 7.654226, 8.074415, 7.2407007, 7.884145, 7.362938, 7.652831, 7.4445963, 7.783675, 7.761276, 7.70967, 7.33881, 7.9104424, 8.043671, 7.452047, 8.264875, 7.4873805, 8.132291, 7.424474, 7.5121164, 8.123016, 7.8859925, 8.285642, 7.5808764, 7.5786233, 7.628393, 7.626152, 7.478595, 7.3753, 7.7141047, 7.6304197, 7.883811, 7.9220295, 8.219314, 7.4593067, 8.175969, 7.6497316, 7.9886436, 7.3199034, 7.5948, 7.850218, 8.376705, 7.7962995, 7.8032017, 7.8466654, 7.6278687, 8.211756, 7.923007, 7.3928595, 7.687402, 7.865143, 7.8528047, 7.111621, 7.870698, 8.334804, 8.139431, 7.7365637, 8.018721, 7.855153, 7.6849937, 7.915485, 7.671392, 7.954383, 7.8168035, 8.416057, 8.218455, 7.972431, 7.7697873, 7.6888084, 7.9764605, 8.144236, 8.27949, 8.41552, 8.068204, 8.399987, 8.341908, 8.026886, 7.7695966, 8.848023, 8.003163, 8.089066, 8.096302, 8.556151, 8.494902, 8.398544, 9.033966, 8.607745, 8.0665, 7.636142, 8.980346, 8.122587, 8.281469, 8.379722, 8.679592, 7.9903483, 8.795511, 8.541894, 9.02276, 8.040047, 9.213829, 9.1411705, 8.906376, 8.824849, 8.998001, 8.684468, 8.571792, 8.420396, 9.282255, 9.257579, 8.636665, 9.008694, 8.531439, 8.842993, 8.770763, 8.884549, 8.966017, 8.777761, 8.767104, 8.910632, 9.412122, 8.858919, 8.735502, 8.662605, 9.381092, 8.749151, 9.136319, 9.3543415, 8.601928, 9.381247, 9.5936775, 9.491992, 9.165287, 9.445906, 9.305978, 9.509933, 9.370637, 9.363068, 9.511566, 9.777474, 9.901381, 10.688173, 9.569001, 9.973168, 10.343504, 9.922671, 9.805012, 10.741067, 10.253811, 10.923767, 9.728837, 10.816956, 10.591388, 10.37488, 10.516381, 10.362315, 10.5030775, 10.149026, 11.487269, 10.621929, 11.342049, 10.531187, 10.902393, 11.179817, 10.239434, 11.056924, 10.97939, 10.743856, 11.35571, 11.404478, 11.244726, 12.090158, 11.647511, 11.3970995, 11.314011, 11.048818, 12.233532, 11.423433, 11.353064, 11.089647, 12.227488, 12.390614, 11.063361, 11.443305, 11.89692, 11.828506, 11.577892, 11.871374, 12.086046, 11.886334, 11.696482, 12.111592, 12.606502, 12.048793, 12.056947, 12.255716, 11.642706, 12.471914, 12.338924, 11.812735, 11.760962, 12.8474, 12.710857, 12.352991, 13.139462, 12.403763, 12.876427, 12.627268, 12.666249, 12.996244, 12.545633, 13.528633, 13.172102, 12.455869, 12.876463, 13.479078, 13.072861, 12.77585, 12.919879, 13.028789, 13.046705
rmse, RBF, 7,0.0, 0.024414062, 0.9282589, 0.9063721, 1.1792779, 2.4224281, 4.1172028, 4.5393467, 2.329278, 3.7657738, 4.5686007, 6.5630198, 7.3833466, 6.161833, 4.323888, 9.317088, 8.226466, 8.68988, 6.432426, 9.552908, 10.463691, 7.9776525, 11.291075, 9.820795, 13.186455, 3.4900546, 14.484715, 15.639984, 15.403069, 10.434973, 11.925817, 14.214039, 10.028863, 14.280844, 10.919226, 13.986993, 11.375559, 14.3063545, 14.582181, 11.051011, 11.605167, 12.469411, 12.170243, 14.796734, 12.121582, 11.78726, 16.53688, 16.866375, 12.1157055, 10.356784, 16.025972, 16.849876, 17.11023, 15.539694, 12.376749, 16.13698, 14.542902, 13.874626, 15.279377, 19.188572, 13.617039, 13.342571, 15.332603, 13.975418, 14.426184, 11.922455, 12.9698515, 10.118639, 10.836124, 12.677134, 21.135616, 17.485214, 17.929697, 13.392615, 15.696526, 13.756204, 19.477892, 16.086853, 14.092541, 22.095608, 10.823607, 17.005491, 14.907324, 18.311262, 16.60757, 15.019679, 13.323462, 10.361409, 16.256989, 13.1124735, 11.336637, 18.771696, 13.609993, 13.190007, 16.233671, 19.691097, 11.404133, 9.832478, 14.128709, 11.72874, 13.741028, 12.330723, 17.011404, 9.819078, 20.26242, 13.464737, 9.432054, 16.653465, 10.97095, 13.154864, 15.887141, 7.9283237, 9.176421, 11.172962, 17.852974, 11.942589, 13.327038, 14.112401, 8.786774, 7.1697474, 11.494899, 15.92207, 18.817139, 13.720989, 9.45636, 10.2287655, 15.553379, 15.430999, 11.230707, 14.744425, 8.237898, 15.721178, 18.659996, 11.716568, 9.8229885, 16.587591, 11.942029, 12.935114, 14.1249895, 13.615084, 13.840365, 9.310627, 13.010645, 12.432456, 18.343735, 11.579394, 9.423626, 9.565115, 13.314581, 11.402845, 11.239743, 18.473602, 19.976652, 13.769746, 12.682891, 9.026825, 14.606821, 8.647585, 5.812788, 7.265067, 12.701917, 15.546846, 12.687373, 12.686729, 7.7487707, 10.85124, 11.660981, 4.718399, 11.9182825, 14.085901, 13.089239, 15.596962, 10.8767395, 12.9152775, 11.872244, 11.6364, 13.633585, 9.426546, 11.365867, 11.216354, 13.799131, 12.484371, 11.070919, 14.956749, 15.942693, 10.713315, 10.445571, 8.847451, 10.667753, 8.628225, 13.051486, 9.728074, 9.384239, 7.692945, 8.354425, 9.948707, 8.339143, 10.159731, 11.692357, 9.079552, 9.997869, 10.135757, 7.21823, 5.7502747, 7.13048, 10.075974, 11.167526, 8.722854, 12.106466, 8.458638, 12.375426, 6.8253517, 10.597288, 7.8789234, 11.950577, 9.915376, 5.511689, 6.442189, 9.857225, 9.583759, 11.477936, 8.038211, 7.556963, 10.253787, 6.95138, 6.3747525, 8.710694, 9.311891, 11.046433, 8.351219, 7.3414803, 12.794232, 9.694695, 7.8994274, 7.313943, 8.802378, 14.056182, 4.6242714, 8.991766, 9.825945, 7.960558, 5.986166, 9.835136, 8.944952, 6.516361, 6.8582535, 3.7020922, 8.421707, 8.645094, 8.096576, 8.052206, 7.3742747, 9.02586, 6.2695265, 8.880795, 8.857573, 6.889367, 5.073595, 7.6494217, 5.8503866, 6.6586256, 5.61893, 7.7909946, 6.67392, 5.95932, 4.421985, 9.902084, 4.3153286, 9.215296, 5.017817, 6.66312, 3.861308, 4.830718, 3.6021829, 8.452511, 6.0377836, 7.2779775, 5.171132, 4.2300463, 4.9224854, 5.0430894, 5.196333, 6.510699, 4.8262954, 8.07873, 7.893729, 6.141329, 4.1865826, 3.776288, 11.445022, 5.9670687, 5.5092573, 5.133939, 4.377675, 7.1223497, 5.9594393, 5.348277, 5.406165, 3.378439, 6.913018
report, RBF, 7,0.19655228, 0.40664673, 0.6690264, 0.89126825, 1.1903524, 1.363039, 1.5971661, 1.8389106, 2.2147417, 2.4107933, 2.6798844, 2.9561758, 3.4529686, 3.4880161, 3.921342, 4.4074535, 4.370022, 4.997492, 4.7949553, 5.0341845, 5.601084, 5.377221, 5.9283257, 5.818534, 6.1424494, 6.1760426, 6.6081524, 7.0333004, 7.091081, 7.0068836, 7.0094824, 7.2609663, 7.4301004, 7.6217175, 7.6389194, 7.6288223, 7.6463223, 7.630992, 7.648635, 7.563615, 8.042383, 7.979727, 7.9777718, 8.379066, 8.016539, 8.198547, 8.017898, 8.461905, 7.95213, 8.142317, 8.28582, 7.892108, 8.614373, 8.45325, 8.160305, 8.739233, 8.34893, 8.3719845, 8.413971, 8.834386, 8.285308, 8.259344, 8.820844, 8.270335, 8.172321, 8.78098, 8.4329605, 8.348322, 8.348942, 8.39746, 8.577514, 7.727599, 8.670354, 8.575821, 8.0416565, 8.387005, 8.579302, 8.678198, 7.9895973, 8.980322, 8.515406, 8.8278055, 8.682966, 8.792257, 8.6692095, 8.424449, 8.16946, 8.313799, 8.487427, 9.386063, 8.674741, 8.560944, 8.833075, 7.8539133, 8.521867, 8.139586, 8.572078, 8.308864, 8.787394, 8.182299, 8.409548, 8.320594, 8.776355, 7.8828692, 8.901251, 8.368659, 8.302927, 8.593631, 8.92911, 8.645105, 8.767223, 8.92042, 8.249903, 8.344364, 8.642745, 8.254957, 8.751404, 8.718502, 8.688974, 9.178638, 8.414995, 8.934617, 8.578467, 8.974743, 9.052765, 9.193516, 8.920908, 8.90547, 9.039927, 8.879471, 9.381318, 8.794271, 8.901251, 9.270239, 8.522606, 9.778762, 9.30419, 8.717465, 9.389067, 8.491468, 8.6981535, 8.8668585, 9.929907, 9.4584465, 9.504962, 9.375715, 9.072578, 9.070516, 9.771991, 8.936572, 8.592903, 9.31778, 10.03722, 8.8207245, 8.834326, 9.128714, 9.217226, 8.941364, 8.908677, 9.772348, 9.703016, 9.256065, 9.610462, 9.716082, 9.811974, 9.571147, 9.344423, 9.559107, 10.365713, 10.377407, 10.285341, 9.448803, 9.251833, 9.939301, 9.756613, 9.921062, 9.657383, 10.131884, 9.874487, 9.696031, 10.124707, 9.86402, 9.924006, 9.690475, 10.453296, 10.292482, 9.776092, 10.2188225, 10.584581, 10.261846, 10.372162, 10.82201, 10.376036, 11.2083435, 10.242558, 10.158073, 10.52115, 10.151779, 10.792505, 10.426987, 10.227966, 10.598302, 10.769224, 11.020422, 11.242247, 11.506176, 10.98131, 11.492896, 11.081362, 11.743546, 11.37867, 11.2684965, 11.521673, 11.804485, 11.641073, 11.421883, 11.010957, 11.68294, 11.690367, 11.314095, 10.561752, 11.80892, 11.557555, 11.758494, 11.859262, 11.226964, 11.7347, 11.974025, 11.494648, 11.624432, 11.694598, 12.04133, 12.653136, 11.826777, 12.146115, 12.168682, 12.364745, 12.885594, 13.052917, 11.635553, 12.793112, 12.448227, 13.444614, 12.154031, 11.935973, 12.848425, 12.666512, 12.571645, 12.489104, 13.098836, 12.84616, 12.505198, 12.668967, 12.417328, 12.631345, 12.584972, 13.768375, 13.900423, 13.581896, 13.108325, 13.110924, 13.457847, 13.583708, 13.895952, 13.968635, 14.041985, 13.705158, 13.765251, 13.21013, 14.071751, 14.4274235, 13.40847, 13.703895, 14.158368, 13.904989, 14.125061, 15.107679, 14.169288, 14.805913, 14.383423, 14.38446, 13.356173, 14.2168045, 14.158619, 14.512467, 15.478826, 14.304352, 14.822531, 15.705061, 14.67073, 14.625597, 14.3050785, 14.506483, 14.488339, 14.590645, 15.135681, 14.281654, 14.219451, 14.515066, 14.169645
rmse, RBF, 10,0.0, 0.12266636, 0.878191, 1.0251522, 1.1418462, 2.1116257, 4.6857595, 2.6178837, 2.30999, 3.6748052, 4.630661, 4.1246653, 6.2925696, 9.47001, 6.7470074, 7.871878, 10.625303, 9.643149, 9.157085, 15.5089855, 7.673049, 8.983874, 11.977124, 11.519504, 10.369468, 9.010363, 8.864891, 13.375341, 15.418744, 15.362477, 9.844458, 16.26172, 16.66255, 12.1858835, 11.898851, 15.257847, 17.003298, 12.285686, 9.701204, 13.4821415, 23.328411, 15.863347, 14.523983, 14.257299, 16.776335, 22.27025, 14.892459, 10.502708, 13.151741, 14.14783, 12.560522, 13.27095, 12.208128, 16.683125, 11.615062, 17.278994, 22.029972, 22.551144, 15.039229, 16.352867, 16.651571, 11.520863, 19.28284, 18.247414, 18.55743, 14.280248, 17.916763, 14.841318, 15.382004, 15.173901, 13.665974, 11.121941, 22.10964, 23.131144, 15.747225, 11.560893, 7.2390795, 7.359767, 14.943719, 14.796627, 19.68348, 14.225507, 25.36068, 18.661081, 20.831453, 14.113379, 13.378143, 15.600979, 16.672527, 15.97116, 12.236667, 13.997531, 10.171461, 12.68127, 13.737143, 16.930878, 14.288497, 10.635734, 21.120262, 16.906952, 16.218925, 17.64338, 14.09359, 13.481939, 15.736008, 17.322468, 21.40596, 14.3170595, 10.104489, 17.976212, 16.50504, 18.40887, 14.559531, 12.8160715, 14.54556, 13.653493, 12.54077, 16.34209, 12.83555, 14.915872, 12.657785, 15.214133, 17.534029, 23.243713, 14.433932, 15.988934, 11.2328415, 15.045893, 15.186477, 14.792085, 15.579104, 14.473951, 8.79364, 16.181755, 11.491036, 17.24596, 15.916228, 11.224771, 11.866665, 14.739871, 18.653727, 18.702936, 10.251594, 17.497873, 12.121367, 16.7122, 12.830591, 14.891791, 16.749786, 10.168815, 14.099216, 14.076376, 7.12862, 11.546206, 8.549202, 10.200286, 12.299252, 12.0193, 11.947083, 15.799737, 10.121679, 9.970498, 12.119675, 16.657877, 14.036822, 13.462305, 9.317112, 14.282823, 17.622316, 9.545994, 16.792881, 13.344669, 12.863374, 13.901424, 10.791063, 12.033391, 14.198875, 7.479501, 17.761564, 13.447928, 16.463673, 11.037707, 12.012852, 9.0660095, 10.215712, 16.833973, 13.737118, 11.47114, 16.71827, 10.752142, 13.709032, 13.263618, 17.714607, 9.851384, 10.832083, 11.248255, 9.4836, 5.2603245, 14.840817, 8.742523, 12.49516, 19.809246, 11.15247, 9.896874, 17.531849, 8.761835, 16.40947, 13.079357, 13.3429165, 8.949494, 15.031838, 11.81035, 17.035294, 15.703106, 14.558101, 13.743758, 9.401631, 10.730433, 8.188558, 12.595034, 8.585787, 11.485982, 10.583151, 8.968842, 11.767387, 14.0695095, 7.338381, 10.131502, 7.135582, 13.396716, 10.090769, 9.988558, 10.243106, 11.974454, 10.907483, 3.9084673, 13.86323, 8.7629795, 8.432031, 10.053301, 9.79054, 14.723825, 12.133276, 11.341858, 10.058427, 15.519667, 10.87495, 5.687022, 12.257028, 11.199951, 7.780874, 8.3444, 9.425438, 11.133218, 11.606717, 11.892664, 8.602333, 11.398411, 8.510566, 7.7393174, 8.701539, 10.881829, 6.5709233, 9.366846, 13.639975, 9.242439, 7.808399, 10.727346, 11.894202, 10.585773, 6.563604, 9.194875, 7.9152107, 4.6973705, 11.418259, 10.754395, 9.078348, 8.594084, 5.118227, 8.261967, 8.796167, 7.9352617, 4.630339, 4.999244, 11.0931635, 9.863579, 7.953644, 11.082411, 12.292886, 5.2636623, 9.114742, 8.925867, 9.495807, 8.141065, 10.103369, 7.026291, 7.6238275, 5.6960583, 7.9959154, 8.237553
report, RBF, 10,0.20289421, 0.40750504, 0.6147146, 0.8551955, 1.0377169, 1.3072729, 1.5582561, 1.8375039, 2.1784067, 2.2964358, 2.577424, 3.0340195, 3.0998707, 3.2988548, 3.8201332, 3.9915323, 4.053545, 4.561329, 4.87864, 4.749489, 5.135834, 5.33247, 5.4634094, 5.51455, 5.9894085, 5.82, 6.2597394, 6.4023733, 6.6624284, 6.9506884, 6.822908, 7.001543, 7.275939, 7.5770617, 7.324934, 7.394862, 7.852423, 7.844615, 8.13868, 8.051467, 8.047509, 8.209157, 8.06179, 8.152914, 8.327556, 8.592701, 8.133125, 8.76987, 8.345675, 8.653641, 8.35259, 8.479667, 8.523369, 8.673716, 9.097004, 8.464706, 8.6761, 8.832062, 8.572197, 8.288336, 8.594966, 8.6303, 8.968925, 9.210253, 8.890367, 8.855497, 8.599257, 8.937025, 8.629084, 9.057045, 9.113479, 8.7681055, 8.809304, 8.904791, 8.946729, 8.711672, 8.837056, 8.370447, 9.140396, 9.229315, 8.888817, 9.506345, 9.167385, 9.357595, 9.235144, 9.315479, 8.725262, 8.683324, 9.504175, 9.240985, 9.53958, 9.675956, 9.28384, 9.208786, 9.538555, 9.48441, 8.833611, 9.151435, 9.060204, 9.60753, 9.735727, 9.505391, 9.592986, 9.482098, 9.538746, 10.521221, 9.566725, 9.484458, 9.522605, 9.861779, 9.651005, 9.408939, 9.801924, 9.717536, 9.36352, 9.988141, 10.150957, 9.601021, 9.85589, 9.539151, 10.016513, 9.728169, 9.839082, 10.594809, 10.358691, 10.228252, 9.5649, 9.629011, 10.18362, 10.031962, 9.747446, 10.355735, 10.466051, 9.825134, 9.817529, 9.976709, 9.970474, 9.961224, 10.300552, 9.913421, 10.130024, 9.859085, 10.405016, 10.055685, 9.763945, 10.444975, 9.9003315, 10.066104, 9.7283125, 9.936357, 10.412288, 10.395706, 10.032606, 10.548043, 10.23972, 9.995198, 10.053492, 10.042704, 9.894371, 10.751581, 10.500277, 10.563588, 10.443711, 10.552073, 10.7648735, 10.570526, 10.808063, 10.694134, 10.198355, 10.193372, 11.311245, 10.543573, 10.552502, 10.014975, 11.152172, 10.933018, 10.445929, 10.604286, 10.583889, 10.727429, 11.030399, 11.741114, 11.31146, 11.590886, 11.630273, 11.867833, 11.453867, 11.310744, 10.585523, 11.361027, 11.338186, 11.708355, 11.608195, 12.06286, 11.160064, 11.750114, 11.764669, 10.869002, 11.445069, 11.513805, 12.077904, 12.104893, 11.670256, 11.827731, 12.177145, 11.55591, 11.357999, 11.855102, 11.825764, 11.606979, 11.93471, 11.586201, 11.752689, 11.936367, 12.082529, 12.701964, 11.894822, 13.241196, 12.572575, 12.092924, 12.590003, 12.589848, 11.773432, 12.08663, 12.766385, 13.09532, 12.544489, 13.362539, 13.45675, 13.177967, 12.957048, 13.665617, 13.459802, 13.14013, 13.259625, 13.698387, 13.777077, 13.499748, 13.898301, 13.346577, 13.107657, 12.621355, 12.945008, 13.501417, 13.847256, 13.49287, 13.9701605, 14.242613, 14.150274, 13.89358, 13.13262, 12.858558, 14.327717, 13.745642, 12.867737, 14.01124, 13.87862, 14.977908, 13.962698, 14.724231, 13.187575, 13.506484, 15.3443575, 15.401268, 14.346409, 14.947677, 14.374006, 14.425874, 15.396571, 15.61296, 14.562511, 14.581418, 14.438927, 14.499021, 14.745069, 15.946221, 15.092754, 15.663242, 13.653553, 15.081799, 14.426374, 16.05338, 14.918816, 16.04122, 15.103507, 15.378296, 15.357649, 15.204239, 16.300034, 15.149868, 15.8058405, 15.795696, 15.421009, 15.522766, 15.261626, 15.862072, 16.304565, 15.908718, 16.177713, 15.602493
rmse, RQ, 3,0.0, 0.293684, 0.2039671, 0.8417845, 1.0481596, 1.6391993, 0.112462044, 2.089262, -1.4362693, 3.0477881, 2.9498577, -0.862813, 1.2141824, 0.46236515, 1.5887976, -0.91074705, 6.563449, 2.4389029, 2.7141929, 1.7827272, 4.5716166, 3.3798218, 1.751101, 4.1832447, 4.279995, 2.2345662, 3.8741946, 3.225553, 3.9013386, 2.6602745, 2.256298, 2.6688576, 4.5364857, 2.0421147, 2.3265362, 8.149195, 3.6257148, 2.8948545, 1.5929937, 4.1145086, 5.4753304, 2.632022, 5.2194357, 0.2414465, 4.5656085, 5.510664, 3.8487911, 3.4021735, 5.0131083, 4.350233, 5.24981, 6.085181, 4.434991, 3.7070513, 4.0139914, 2.6303053, 3.1300306, 5.2338123, 4.4795036, 4.937303, 5.637145, 2.4129868, 7.0156336, 8.016539, 2.593255, 4.2674065, 5.377686, 2.9271126, 3.6514878, 2.4789333, 4.237008, 4.808426, 5.174494, 5.6391954, 2.6732922, 4.753566, 3.1223536, 3.3263803, 4.611063, 4.5696735, 2.9106379, 3.3266068, 8.136725, 3.7887096, 4.6129704, 3.8624287, 4.1204453, 4.3875217, 6.00667, 6.2726974, 3.3825874, 5.1075697, 4.422283, 6.8092346, 6.798768, 3.4811974, 4.8464537, 3.5426617, 5.1704764, 4.545021, 5.3625584, 4.5635343, 3.2916546, 3.5884619, 4.755056, 8.064294, 4.964459, 4.079342, 3.3551335, 4.876232, 4.104638, 1.9372225, 5.3662896, 5.7999134, 3.3535242, 5.160618, 2.8359175, 3.3026695, 4.2998314, 4.8072457, 4.576063, 2.7703285, 4.931712, 4.152584, 4.473126, 2.8393507, 5.2068233, 6.7404985, 4.9302697, 4.268694, 3.6103606, 5.902076, 4.319668, 5.503607, 6.313205, 6.3814163, 4.843402, 4.2906284, 5.211735, 5.4530144, 3.6332846, 4.2078733, 7.287276, 3.8196802, 4.359591, 4.8526645, 6.3625336, 5.136037, 3.2099962, 4.257214, 4.079938, 4.7881603, 3.922391, 3.7048817, 6.241715, 7.3250055, 5.1974773, 6.1666965, 5.176246, 4.821563, 4.4257164, 3.6498427, 3.6176324, 4.3185234, 6.513095, 4.2520046, 4.0504456, 5.0167084, 2.614975, 6.365037, 4.7599077, 5.332589, 6.479466, 8.170139, 7.322836, 5.313623, 5.5452228, 4.9345374, 5.887139, 4.8392296, 5.149317, 4.670644, 4.8122883, 5.977416, 7.981324, 3.9038181, 3.7115812, 6.6694975, 4.79635, 4.1089892, 5.854118, 3.08398, 6.3542604, 5.8010936, 5.6271315, 6.1495304, 6.0881615, 5.89025, 4.595065, 5.597687, 5.6812763, 4.4056416, 6.865692, 3.5460353, 4.860246, 4.236543, 4.062128, 5.5455923, 4.348898, 4.6251535, 3.613162, 5.92041, 3.6698818, 6.6094637, 5.773449, 5.5562854, 5.089617, 5.9595346, 3.5311937, 4.760146, 4.415202, 3.0010343, 6.9111586, 4.5159817, 4.4279814, 5.030465, 3.3061624, 6.9776535, 5.1817417, 7.3965907, 4.600954, 5.769789, 8.409309, 6.934166, 5.199218, 4.8039436, 6.517124, 6.0346127, 4.931009, 4.5699596, 5.875957, 4.162574, 5.4127693, 4.222667, 4.7415495, 6.824398, 5.6033015, 5.5259466, 8.033335, 5.4227114, 5.9690714, 4.873204, 5.9054613, 5.8240175, 3.5813332, 3.5454154, 7.729101, 5.3774714, 4.363799, 3.6061287, 6.0049415, 5.2531004, 5.8201313, 6.328106, 4.579997, 4.832053, 5.5984974, 5.3864, 3.9360762, 4.463649, 4.2840123, 4.369664, 5.418396, 6.6774607, 6.0841084, 5.731678, 4.6675444, 7.696414, 4.5117855, 4.11458, 4.43995, 6.7019224, 6.7119837, 5.570078, 5.6396246, 5.2951574, 4.9851775, 5.336535, 3.5362482, 6.590295, 5.8253527, 4.3838263, 4.6824336, 5.3269625, 5.6058884, 4.914272, 4.268396, 6.119883, 4.1636705, 4.9035907
report, RQ, 3,0.04686117, 0.33566952, 0.60813427, 0.75838566, 0.8785248, 0.9385586, 1.196003, 1.2114525, 1.4122009, 1.3083458, 1.6509771, 1.8406391, 1.7843008, 1.9517422, 2.1737337, 2.077496, 2.283597, 2.3381948, 2.3349285, 2.668476, 2.5583506, 2.831626, 2.9645562, 2.9655337, 2.884674, 2.8208256, 3.0133605, 2.9658794, 3.2487035, 2.9917479, 3.4112453, 3.254652, 3.10328, 3.2287836, 3.0251503, 3.2877207, 3.1065464, 3.1131625, 3.093648, 3.03514, 3.4041166, 3.0656934, 3.322661, 3.3904195, 3.1841636, 3.1576872, 3.3103943, 3.4376025, 3.4065962, 3.2767653, 3.3359528, 3.3604145, 3.4582376, 3.4099936, 3.4673214, 3.3921957, 3.4439802, 3.4260035, 3.510654, 3.3825397, 3.3863544, 3.3700228, 3.572631, 3.4466982, 3.456235, 3.4864664, 3.4487724, 3.4777403, 3.5225987, 3.526318, 3.525269, 3.425765, 3.5459042, 3.5586834, 3.573811, 3.5143852, 3.5514832, 3.5823703, 3.52633, 3.4790277, 3.6009073, 3.6010146, 3.5487413, 3.5373688, 3.4973145, 3.6794186, 3.5902977, 3.4517646, 3.5714865, 3.568101, 3.6593795, 3.555131, 3.4687757, 3.5763383, 3.6105394, 3.6740303, 3.606677, 3.583622, 3.7543774, 3.6074162, 3.7006617, 3.5419583, 3.5829544, 3.6974907, 3.494501, 3.51398, 3.5708547, 3.5555124, 3.5951614, 3.6302686, 3.7602544, 3.6870718, 3.6121964, 3.5624862, 3.5679579, 3.6660433, 3.648889, 3.6296487, 3.6885738, 3.6726475, 3.5915375, 3.706348, 3.7214875, 3.7036061, 3.7074924, 3.6514282, 3.747642, 3.6340714, 3.7199855, 3.5748363, 3.6809444, 3.6943316, 3.661251, 3.6574364, 3.6978722, 3.6944985, 3.7013292, 3.5998344, 3.6635756, 3.71176, 3.646481, 3.6601305, 3.7714958, 3.7516356, 3.7442446, 3.717637, 3.708291, 3.6471844, 3.7434816, 3.6704898, 3.6979437, 3.6684394, 3.672409, 3.6927104, 3.6632538, 3.729725, 3.645134, 3.706026, 3.6545515, 3.7561655, 3.7054062, 3.7585735, 3.7060618, 3.728032, 3.7513018, 3.6621213, 3.7021518, 3.708315, 3.815484, 3.7224293, 3.7508607, 3.7946463, 3.7091255, 3.7562013, 3.7843943, 3.6721468, 3.7202, 3.75489, 3.7334204, 3.734684, 3.7700415, 3.6977053, 3.716755, 3.7659883, 3.810835, 3.7058353, 3.7843227, 3.7630796, 3.7461996, 3.7697673, 3.7415743, 3.760171, 3.7373066, 3.8321257, 3.7502766, 3.7721992, 3.716755, 3.7469864, 3.8103223, 3.808844, 3.8290977, 3.806889, 3.785491, 3.7390947, 3.7538052, 3.7785053, 3.8042784, 3.8179636, 3.8362265, 3.7956715, 3.8271308, 3.7584543, 3.785038, 3.7155032, 3.7635803, 3.7543774, 3.7732482, 3.7757635, 3.7584782, 3.7374377, 3.8090467, 3.8826585, 3.78412, 3.7751317, 3.809917, 3.815627, 3.8121223, 3.8400412, 3.8328886, 3.7860632, 3.8163304, 3.7725449, 3.815198, 3.820634, 3.7921906, 3.8243294, 3.8571835, 3.8079023, 3.792584, 3.85288, 3.8012505, 3.832209, 3.843844, 3.8178682, 3.7471533, 3.8678765, 3.801608, 3.8007736, 3.8123608, 3.8309336, 3.836894, 3.8179636, 3.8746476, 3.82123, 3.8339615, 3.7911177, 3.836012, 3.8203955, 3.8166404, 3.8283587, 3.8113952, 3.8717747, 3.809023, 3.833568, 3.8386583, 3.8120508, 3.801608, 3.8497925, 3.9360285, 3.864026, 3.8432598, 3.8485646, 3.8165092, 3.8413763, 3.879881, 3.8830757, 3.8943172, 3.8533688, 3.8856745, 3.8540363, 3.8346052, 3.8606167, 3.9332986, 3.8885832, 3.827548, 3.8977146, 3.8054943, 3.7933826, 3.8895845, 3.902471, 3.8535833, 3.892994, 3.8660288, 3.8260698, 3.8752437, 3.8998842, 3.9123178, 3.922844, 3.856647, 3.8748026
rmse, RQ, 5,0.0, 0.25730133, 1.5181065, -0.2065301, 1.7509103, 0.3761053, 2.2129416, 1.3928294, 2.1805167, 1.4435768, 4.315746, 0.090920925, 0.15976429, 3.3872962, 4.4867277, 3.6185622, 1.3795137, -3.3017933, 6.3164353, 4.831767, 4.3299675, 5.3959846, 3.140235, 3.7593126, 3.5885453, 5.420184, 5.495596, 2.7617455, 6.883776, 5.4655075, 3.085208, 3.8048744, 4.180646, 4.264176, 9.604061, 5.5142164, 9.488201, 3.8406372, 6.084752, 7.506466, 7.4757814, 8.431339, 6.3542843, 3.4873724, 5.6825876, 6.578326, 7.0889473, 4.6896696, 6.8674326, 5.588329, 6.283307, 4.6209097, 7.440448, 8.719063, 6.921792, 5.7899237, 6.635928, 6.803894, 7.2796583, 6.448257, 6.9243193, 6.0404897, 5.8939457, 5.5164695, 6.2282085, 3.1976938, 4.7896624, 4.7082424, 6.5261602, 5.780649, 7.3045254, 6.4804792, 7.68919, 7.9604983, 5.177903, 9.032059, 5.956912, 8.326054, 6.057191, 6.779325, 7.718873, 7.447052, 8.316159, 5.745232, 9.563565, 7.077062, 7.6685667, 8.981681, 6.9548726, 4.69048, 6.5140963, 6.043601, 8.430219, 8.906805, 6.770563, 6.3146353, 4.992783, 8.286821, 5.6841016, 4.995191, 6.077564, 6.118536, 5.8413506, 6.0883045, 10.242903, 9.489036, 9.578312, 6.496072, 8.752584, 7.1563125, 9.080112, 6.4797163, 8.568454, 6.9334507, 10.08935, 5.6530714, 8.369374, 6.641507, 7.6432705, 5.381632, 6.3240767, 5.6862593, 5.187905, 7.7043056, 8.758569, 7.8977823, 6.599188, 7.7790976, 9.021175, 8.396208, 8.092773, 4.7650814, 9.309745, 8.086181, 9.859562, 7.193589, 8.808804, 10.551596, 6.3568115, 8.362305, 7.8368425, 6.442046, 9.89809, 10.803056, 5.73864, 8.251071, 6.3086987, 8.483148, 7.644272, 9.445858, 3.8765907, 5.8987856, 8.151102, 6.8449736, 9.145451, 9.828138, 9.108114, 7.76124, 9.415066, 6.527829, 7.5522184, 7.433808, 7.0724964, 9.658289, 7.363248, 5.5298924, 10.293388, 7.8951955, 7.88908, 7.28662, 8.982813, 7.291603, 6.46286, 7.279587, 5.8938503, 8.28464, 8.1765175, 7.6830626, 8.934307, 8.827138, 6.7888975, 8.16704, 6.953883, 7.077217, 10.39753, 6.565428, 8.466673, 9.10244, 6.407094, 6.0518503, 11.1696005, 7.023835, 6.948662, 6.592393, 10.356593, 8.197904, 7.2520733, 9.892344, 7.524276, 7.733667, 9.073305, 9.000945, 8.984364, 7.4982405, 7.931614, 8.395624, 6.420207, 7.629466, 8.984637, 5.941963, 8.095384, 10.108519, 7.9079866, 8.446193, 7.2883606, 7.750368, 7.571745, 6.355834, 7.4906588, 7.3507786, 7.9083443, 9.928715, 8.030092, 9.357166, 10.969114, 10.10797, 7.908845, 8.756375, 6.770265, 6.2271833, 7.515526, 9.15246, 9.050465, 9.127998, 7.9196453, 9.0700865, 9.342599, 7.3783875, 8.453762, 10.004902, 5.9318304, 9.465075, 8.356869, 9.540712, 7.6506257, 6.7543626, 8.909726, 10.464025, 7.7992797, 11.528004, 10.547722, 8.178747, 5.9036016, 8.97584, 7.4324846, 8.087707, 7.6241255, 8.57172, 11.778808, 7.6815844, 8.073449, 9.031653, 9.629011, 10.285211, 8.030653, 7.5328827, 11.33231, 9.0271, 8.392084, 9.963822, 8.202791, 7.2390795, 8.946943, 8.081722, 9.416664, 7.2268605, 8.228564, 9.772491, 8.923805, 9.2940445, 9.570217, 8.82957, 8.951271, 7.719326, 8.081913, 6.85184, 6.3364506, 8.351183, 8.385348, 8.621526, 7.635188, 7.459545, 8.37183, 8.942223, 8.787287, 10.529184, 6.5559626, 8.093918, 8.765292, 8.095932
report, RQ, 5,0.064754486, 0.33435822, 0.5922556, 0.8300781, 1.0479331, 1.0515213, 1.4096141, 1.6452312, 1.7668724, 1.7565131, 1.9878507, 2.3591518, 2.4880648, 2.4515152, 2.7009487, 2.693808, 2.692914, 3.0866861, 3.4418106, 3.2891989, 3.639698, 3.934455, 3.7463188, 4.190135, 3.9747, 4.0450454, 4.329443, 4.0747285, 4.2480946, 4.3925405, 4.5071006, 4.491806, 4.578328, 4.392338, 4.635179, 4.6478987, 4.572153, 4.8699617, 4.883635, 4.8046827, 4.85425, 4.9110174, 4.824972, 5.0543427, 4.9312115, 4.9632072, 5.0017715, 4.9796343, 5.0667524, 4.996109, 5.173135, 5.093074, 4.9991846, 5.1244736, 5.0402403, 5.1805735, 4.988241, 5.281806, 5.171633, 5.074525, 5.1523447, 5.13016, 5.24621, 4.929137, 5.171442, 5.161786, 5.110097, 5.1407337, 5.289912, 5.2135468, 5.2333355, 5.1841497, 5.30591, 5.3087473, 5.3185225, 5.333388, 5.241227, 5.3019285, 5.334103, 5.458975, 5.417013, 5.205679, 5.286026, 5.332029, 5.286908, 5.415964, 5.294931, 5.326998, 5.431652, 5.375254, 5.497992, 5.246377, 5.276513, 5.278063, 5.181718, 5.471611, 5.335951, 5.286813, 5.1510572, 5.5392504, 5.3660393, 5.3319216, 5.3765774, 5.3887844, 5.3926706, 5.4042816, 5.3701878, 5.454576, 5.485153, 5.415344, 5.3939104, 5.4482937, 5.359423, 5.479598, 5.4454327, 5.4877996, 5.4974556, 5.3833723, 5.389023, 5.4590344, 5.498481, 5.536759, 5.5549026, 5.5354834, 5.510378, 5.500126, 5.4434776, 5.505228, 5.4266453, 5.4826975, 5.5998325, 5.513358, 5.5268764, 5.5062056, 5.5016756, 5.445862, 5.594516, 5.4805517, 5.534458, 5.460012, 5.5467725, 5.5369616, 5.529928, 5.641794, 5.5600405, 5.4855227, 5.580437, 5.408263, 5.539024, 5.5627584, 5.648875, 5.4968834, 5.5692554, 5.6102276, 5.562973, 5.6684136, 5.6054354, 5.605221, 5.5599213, 5.6450605, 5.543494, 5.5817842, 5.629015, 5.635333, 5.6529045, 5.5632114, 5.5684566, 5.6731462, 5.577755, 5.6191444, 5.6020737, 5.566621, 5.5854917, 5.665672, 5.594957, 5.6120634, 5.6963444, 5.503702, 5.61409, 5.577731, 5.6081176, 5.548787, 5.647683, 5.556512, 5.6768894, 5.680752, 5.639291, 5.6367517, 5.6472063, 5.657959, 5.571449, 5.656445, 5.6233644, 5.6499004, 5.656719, 5.618906, 5.6824327, 5.6137085, 5.6990027, 5.7091475, 5.72896, 5.728078, 5.689037, 5.680239, 5.705428, 5.6638956, 5.680263, 5.693841, 5.72021, 5.6699634, 5.650997, 5.7427406, 5.6835413, 5.718398, 5.679345, 5.6583643, 5.667925, 5.761194, 5.646813, 5.70699, 5.6975365, 5.7203293, 5.6191683, 5.6854486, 5.65418, 5.738437, 5.6819916, 5.72927, 5.7617784, 5.7023287, 5.7202935, 5.729449, 5.708182, 5.752516, 5.739522, 5.73318, 5.7236195, 5.663085, 5.740094, 5.7860613, 5.802059, 5.727792, 5.7597876, 5.682397, 5.7026863, 5.7609797, 5.7328224, 5.7041407, 5.689311, 5.7727575, 5.733633, 5.7539105, 5.778122, 5.7018995, 5.7738185, 5.722308, 5.701101, 5.821264, 5.7545543, 5.7710886, 5.8148384, 5.7254434, 5.7364464, 5.786991, 5.7384253, 5.7708383, 5.7854414, 5.7850003, 5.7974577, 5.7792544, 5.787885, 5.7389617, 5.7940483, 5.83992, 5.746031, 5.7467103, 5.8132887, 5.781293, 5.8015227, 5.859041, 5.818653, 5.7667494, 5.788493, 5.776143, 5.851531, 5.680287, 5.7706237, 5.804491, 5.8214545, 5.8169603, 5.8152914, 5.803466, 5.7810307, 5.7980537, 5.783081, 5.8026075, 5.7892323, 5.892968, 5.8074236, 5.8051467
rmse, RQ, 7,0.0, 0.110948086, 3.5191655, 1.5622377, 1.322031, 1.6874313, 2.8402567, 3.2021284, 5.3617477, 2.412057, 6.5630436, 8.366072, 5.739069, 6.3508987, 5.6009293, 5.10211, 7.2615504, 6.2648535, 5.8130264, 4.3655753, 7.635033, 6.3385487, 3.5665393, 0.8722067, 2.9954314, 6.29586, 4.71766, 3.5427094, 4.739964, 8.242083, 3.421998, 6.601274, 8.353472, 8.681202, 6.3560247, 10.490847, 1.7190695, 4.920244, 6.1674237, 7.209635, 5.2222967, 6.422758, 5.9345126, 5.0733447, 3.4484506, 7.4855328, 7.942307, 6.530392, 9.337926, 9.962809, 8.821988, 9.464097, 3.718543, 7.6609135, 7.563448, 7.2469115, 4.7402024, 7.929325, 6.304455, 7.224512, 6.045866, 8.551109, 5.2901983, 7.3344946, 7.189679, 10.773659, 7.9408526, 8.233154, 7.4202538, 9.671807, 6.384492, 11.773634, 6.2197804, 6.270921, 6.5462947, 10.061085, 10.28266, 7.342553, 8.26726, 6.5383673, 6.5732956, 8.535707, 8.924305, 9.505213, 5.810809, 9.496462, 9.780371, 11.503447, 5.010724, 6.5470576, 7.9172015, 6.492126, 5.7032347, 10.080469, 6.1651707, 6.5702558, 7.8922153, 10.59835, 7.2625995, 10.972452, 6.862545, 6.985402, 9.796202, 6.381941, 7.574129, 11.912417, 10.025824, 7.007265, 7.025242, 6.7357063, 8.020163, 8.088648, 6.6640377, 9.183586, 7.6274037, 10.662603, 6.2019825, 7.111335, 6.474316, 9.650922, 8.89647, 4.3009996, 9.080923, 9.320617, 5.190873, 7.9119444, 9.245861, 8.460093, 9.163916, 6.2479734, 10.081172, 9.1937065, 5.1025867, 9.5814705, 9.442223, 9.672403, 9.03976, 7.793045, 6.713867, 8.304489, 7.583642, 9.596372, 10.053432, 9.192419, 8.890295, 7.7171206, 9.594524, 9.213102, 10.995579, 14.446306, 9.244299, 7.1855307, 10.108603, 13.666094, 7.1534395, 11.369061, 10.975242, 9.756708, 9.843027, 8.680749, 12.71646, 10.482168, 8.257699, 7.5338244, 9.551012, 8.043337, 6.223929, 9.468651, 9.661174, 10.277557, 9.11746, 7.2686195, 10.303617, 7.5567484, 12.11524, 7.617116, 9.860802, 6.961584, 8.7852, 8.958626, 12.552929, 8.451986, 6.4595222, 8.132291, 8.425045, 8.696294, 6.600404, 8.514476, 7.96057, 8.029472, 8.318114, 7.261038, 6.9943905, 9.539711, 9.593857, 9.748125, 5.9144735, 8.818054, 8.934236, 9.379721, 11.483479, 10.542393, 9.936619, 8.86389, 7.7533245, 10.284972, 8.319068, 9.913182, 9.112954, 8.971858, 7.720566, 9.046245, 9.776533, 8.58407, 10.144401, 13.786745, 9.839308, 9.844303, 7.39491, 9.109783, 6.0548067, 10.848749, 9.396577, 6.6988707, 8.377302, 8.389341, 8.211327, 10.533166, 10.297298, 9.763432, 8.16009, 6.7137003, 10.31301, 8.778524, 9.0976715, 8.868241, 9.415221, 9.248411, 8.781648, 7.655692, 8.094382, 12.905216, 8.998823, 8.606696, 10.896444, 8.91459, 8.71501, 11.01737, 12.484622, 10.187817, 7.974434, 9.89182, 8.051562, 11.778307, 7.4878097, 9.001028, 11.163521, 8.858728, 10.431576, 8.952022, 8.243645, 7.6888084, 8.293306, 11.45153, 8.101964, 9.744191, 9.854698, 7.251501, 9.292626, 11.054635, 8.235121, 7.2132587, 8.090043, 11.2263565, 7.6286077, 10.466123, 8.2907915, 9.754944, 10.083747, 8.5976715, 9.720659, 9.706116, 10.135233, 9.281731, 9.536314, 9.145188, 8.270227, 9.123945, 9.88152, 10.972333, 10.666251, 8.374691, 10.041857, 11.475706, 8.083021, 10.103798, 9.14247, 9.435558, 8.810139, 8.512413
report, RQ, 7,0.08774996, 0.63010454, 0.8169651, 1.1702538, 1.2814045, 1.5107155, 1.5806437, 1.9104004, 1.9556522, 1.9940853, 2.295351, 2.6517868, 2.9018164, 2.885294, 3.3559203, 3.4233093, 3.571117, 3.7365198, 3.5056353, 4.0747643, 4.3774366, 4.096675, 4.4979215, 4.7164917, 4.4219613, 4.646826, 4.9310207, 4.803109, 5.140424, 5.0661325, 4.7611, 5.3178906, 5.0328255, 5.158818, 5.5368066, 5.1885605, 5.3251624, 5.4581523, 5.576706, 5.4437637, 5.59268, 5.578947, 5.4319263, 5.402565, 5.7100058, 5.469787, 5.604136, 5.689597, 5.901575, 5.690086, 5.831647, 5.7512164, 5.6372166, 5.8433056, 5.787635, 5.9526086, 5.887127, 6.077385, 5.7810545, 5.9002876, 6.0601354, 5.9322834, 6.0124636, 5.8792353, 6.120491, 5.9257507, 6.098032, 6.0342073, 6.0453176, 6.088066, 5.933237, 5.9921503, 6.0330153, 5.931735, 5.8635592, 6.1205626, 6.0069203, 6.060791, 6.101227, 6.193733, 6.0780764, 6.035757, 5.9974194, 6.078577, 6.057143, 6.038785, 6.1457753, 6.3268185, 6.027031, 6.225097, 6.0502768, 6.030941, 6.1801434, 6.0688376, 6.065321, 6.2259197, 6.1796308, 6.0132623, 6.3067436, 6.110084, 6.2021017, 6.125808, 6.180036, 6.0785174, 6.1766267, 6.1499953, 6.2137365, 6.173897, 6.1276197, 6.11856, 6.133914, 6.159663, 6.3611507, 6.16076, 6.2054634, 6.1475873, 6.448269, 6.114769, 6.2568665, 6.1165094, 6.2682867, 6.2971354, 6.18639, 6.359911, 6.272483, 6.258428, 6.322968, 6.202054, 6.2125683, 6.2520027, 6.2160254, 6.446135, 6.369865, 6.2648296, 6.2063694, 6.2399626, 6.118536, 6.215608, 6.16467, 6.2238216, 6.2235355, 6.380677, 6.1864614, 6.2889814, 6.1670303, 6.30939, 6.2577963, 6.362605, 6.3283443, 6.2836885, 6.3701153, 6.3536167, 6.274736, 6.313503, 6.228471, 6.350279, 6.3765645, 6.2937737, 6.3691854, 6.323302, 6.3241124, 6.295097, 6.3886642, 6.2835097, 6.3887835, 6.312144, 6.3940287, 6.3963175, 6.362903, 6.3108683, 6.40862, 6.3858986, 6.380439, 6.328368, 6.350434, 6.4126253, 6.41129, 6.3495755, 6.3916802, 6.4191103, 6.446457, 6.2634706, 6.358719, 6.3745856, 6.372547, 6.3105583, 6.385565, 6.396866, 6.4353228, 6.356907, 6.4109325, 6.44691, 6.331432, 6.401241, 6.466818, 6.385851, 6.451559, 6.438124, 6.348431, 6.4320087, 6.412673, 6.3714743, 6.4352274, 6.4141393, 6.3967943, 6.4422607, 6.4712763, 6.388867, 6.359124, 6.442094, 6.391144, 6.4035177, 6.3738823, 6.363249, 6.3516498, 6.4618945, 6.4460397, 6.3696265, 6.4623117, 6.4260244, 6.4298153, 6.524265, 6.486726, 6.477511, 6.44356, 6.4804673, 6.491649, 6.5585613, 6.403017, 6.404364, 6.3857913, 6.4775586, 6.460023, 6.4795494, 6.454921, 6.4300537, 6.551969, 6.459844, 6.5088987, 6.51052, 6.425488, 6.479907, 6.4702272, 6.460476, 6.4105988, 6.487322, 6.5505743, 6.499028, 6.5108895, 6.642878, 6.479788, 6.4632654, 6.438279, 6.43332, 6.3990593, 6.507921, 6.4640403, 6.5778613, 6.524682, 6.631756, 6.456566, 6.5115333, 6.5338254, 6.598103, 6.4541817, 6.548834, 6.460309, 6.4870715, 6.451249, 6.5121174, 6.5122128, 6.590569, 6.5155745, 6.376493, 6.55694, 6.53193, 6.5212727, 6.5240383, 6.527972, 6.499076, 6.4943194, 6.4939976, 6.598711, 6.504369, 6.5531015, 6.6247225, 6.5182686, 6.584859, 6.612754, 6.525159, 6.560135, 6.501484, 6.607342, 6.5402985, 6.6090345, 6.503129, 6.573057, 6.561625, 6.637001, 6.51567
rmse, RQ, 10,0.0, 0.026512146, 1.719284, 2.0976305, 2.4962664, 0.34298897, 1.145196, 1.1478901, 2.0842195, 4.209733, 5.0316215, 3.9852977, 4.6150923, 4.5524597, 2.8315544, 3.9262295, 3.7788749, 7.343507, 6.474054, 9.88934, 13.156414, 6.346452, 9.477973, 6.5835, 10.824275, 9.322858, 8.292341, 5.9957266, 3.9082289, 11.930418, 6.032324, 4.278922, 3.900528, 8.559799, 4.7237873, 8.794296, 7.1872234, 7.551694, 7.5448275, 7.6101303, 6.3377976, 8.095074, 9.599376, 7.366109, 12.746286, 4.5304537, 11.856914, 12.16414, 11.790228, 9.657537, 8.07476, 5.921519, 5.2524924, 11.038935, 8.162189, 6.985736, 13.608276, 11.568546, 8.001387, 10.827255, 9.971571, 10.490894, 11.027837, 8.254814, 12.711883, 12.649226, 9.253836, 8.145523, 10.528088, 10.906982, 12.120438, 9.765291, 7.3056936, 10.204733, 12.375927, 9.443951, 9.386253, 12.239504, 10.975838, 11.146164, 10.960758, 10.968971, 9.271372, 7.376051, 9.369612, 9.980524, 11.161542, 12.15049, 8.261323, 10.703969, 9.561312, 12.61791, 6.757474, 9.622216, 9.583306, 10.222446, 6.926477, 12.553239, 15.54141, 10.677981, 12.109137, 11.302829, 9.20763, 8.792305, 12.085843, 13.585353, 13.794231, 9.566665, 12.035179, 8.586693, 9.42843, 10.98268, 12.319803, 11.753893, 11.359369, 8.50296, 9.6378565, 10.448265, 12.007117, 10.259724, 9.418297, 14.003968, 9.857357, 11.528015, 12.231803, 9.065962, 16.41941, 11.393142, 9.99167, 11.262107, 12.885105, 13.929367, 10.623288, 10.379291, 12.922215, 9.809601, 10.593367, 12.611961, 9.9754095, 12.759733, 11.841785, 11.019886, 15.471565, 12.672138, 12.720084, 7.843232, 8.62174, 11.993599, 11.481357, 14.636302, 12.297988, 13.11326, 15.4833555, 10.715127, 16.63518, 11.512017, 8.830833, 6.0805917, 14.011526, 16.901089, 19.09442, 10.93564, 15.699387, 10.442125, 14.628351, 12.593079, 10.259878, 11.360335, 11.071407, 11.890721, 10.664272, 13.063419, 12.656677, 15.6576395, 10.221148, 16.01696, 13.604283, 12.086857, 11.263514, 13.269043, 11.929846, 12.609661, 11.803365, 13.282251, 12.654853, 12.22713, 13.162017, 11.303878, 12.2387295, 13.799596, 12.074518, 12.984562, 12.084198, 13.18872, 11.667657, 9.421277, 10.693157, 12.743878, 12.250137, 13.165653, 8.669829, 12.60612, 13.729572, 12.436867, 10.902035, 11.678791, 10.91584, 12.010837, 13.631797, 12.52383, 13.073516, 8.922362, 10.897171, 10.411596, 10.120857, 12.7251625, 11.968517, 12.164831, 11.77721, 11.050976, 11.783719, 11.313152, 10.287142, 14.304352, 13.765669, 11.911142, 13.674736, 13.088549, 13.094664, 13.979435, 13.084078, 14.849353, 14.975119, 12.674177, 9.902978, 12.568712, 15.215254, 8.675539, 11.573208, 14.085722, 13.128734, 12.04418, 13.017368, 9.990561, 16.072464, 10.392963, 11.559856, 12.903619, 9.582591, 13.080478, 11.925877, 10.94035, 13.4522915, 12.651062, 11.792505, 11.220694, 15.123105, 11.844039, 13.623487, 15.193378, 10.268283, 9.430075, 10.49459, 11.42242, 13.503242, 10.97846, 11.745191, 12.546587, 12.771654, 12.776958, 12.370038, 11.816359, 12.8192425, 10.813212, 11.767888, 16.038918, 12.94868, 11.18952, 12.591171, 10.321546, 11.212969, 12.5575905, 12.300396, 13.546252, 9.702015, 8.832216, 11.1413, 10.195422, 9.918118, 11.464477, 11.112059, 11.232018, 10.078907, 15.641189, 16.347672, 11.016941, 15.672541, 14.932609, 11.911583, 12.197685
report, RQ, 10,0.07805824, 0.7785797, 0.889349, 1.4897227, 1.5084028, 1.5363216, 1.6169071, 2.1565676, 2.4013996, 2.5185108, 2.6156545, 2.9971838, 2.8918028, 3.3140779, 3.4688234, 3.7868977, 3.9956331, 4.231119, 4.300928, 4.2375565, 4.4713974, 4.8942804, 4.912615, 5.46577, 5.0561786, 4.9634457, 5.314517, 5.5210233, 5.6955814, 5.935025, 5.741358, 5.7189226, 6.149864, 6.4099193, 6.3689947, 6.4960003, 6.369567, 6.5853357, 6.5140605, 6.566572, 6.8253517, 6.7416906, 6.8448663, 6.9840193, 7.071781, 7.1938396, 7.0840716, 7.1358204, 7.0737243, 7.2571635, 7.426238, 7.4003935, 7.438946, 7.4149847, 7.269442, 7.526064, 7.6065063, 7.6684117, 7.6545596, 7.589984, 7.5246096, 7.563436, 7.567978, 7.7275634, 7.6840878, 7.7097654, 7.6271296, 7.8484654, 7.6685667, 7.6999903, 7.8757763, 7.7653885, 7.6954603, 7.762289, 7.7877164, 7.774639, 7.8109503, 7.8341007, 7.8882217, 7.800102, 7.8635216, 7.879758, 7.8858852, 8.108902, 7.918656, 7.860911, 7.855046, 7.918024, 7.93128, 7.9042196, 8.099258, 7.8885555, 7.948029, 7.995045, 7.982874, 8.019638, 8.02306, 8.077073, 8.0926895, 8.208645, 8.0724, 7.9468727, 8.2016945, 7.8941345, 8.158517, 7.9042315, 8.134913, 8.036256, 8.082485, 8.216227, 8.066463, 8.123374, 8.270121, 8.160448, 8.179188, 8.234394, 8.181977, 8.18038, 8.113813, 8.205355, 8.217966, 8.202946, 8.204317, 8.211458, 8.21631, 8.224368, 8.226752, 8.262515, 8.313823, 8.261061, 8.313381, 8.295143, 8.3690405, 8.275557, 8.388066, 8.298898, 8.487487, 8.201647, 8.298802, 8.342695, 8.348393, 8.220744, 8.409929, 8.229542, 8.368087, 8.4278345, 8.32243, 8.367896, 8.393801, 8.252835, 8.325553, 8.275032, 8.333135, 8.389401, 8.333492, 8.327961, 8.290184, 8.375096, 8.306909, 8.43544, 8.43122, 8.43482, 8.411312, 8.419334, 8.31399, 8.3596945, 8.274484, 8.509148, 8.510542, 8.339024, 8.371282, 8.403624, 8.392596, 8.413183, 8.391523, 8.345342, 8.313692, 8.340526, 8.499134, 8.434439, 8.378029, 8.445835, 8.445442, 8.499395, 8.443737, 8.448648, 8.498597, 8.443499, 8.478165, 8.494556, 8.461439, 8.4310055, 8.51053, 8.531034, 8.348787, 8.396554, 8.449661, 8.596802, 8.529663, 8.486975, 8.479714, 8.533287, 8.61274, 8.457851, 8.4679365, 8.597624, 8.480656, 8.505571, 8.577752, 8.504057, 8.477842, 8.511353, 8.379042, 8.574843, 8.610892, 8.568584, 8.536315, 8.560252, 8.546495, 8.536827, 8.571911, 8.570862, 8.541179, 8.455145, 8.533991, 8.621073, 8.548832, 8.623886, 8.655893, 8.507657, 8.483255, 8.573389, 8.554339, 8.52145, 8.589244, 8.684754, 8.534861, 8.598232, 8.61125, 8.556211, 8.613896, 8.580589, 8.655691, 8.577787, 8.638275, 8.6003065, 8.669591, 8.65798, 8.6687565, 8.608723, 8.618343, 8.597589, 8.632029, 8.717024, 8.586729, 8.668995, 8.623147, 8.657694, 8.666849, 8.5737705, 8.692169, 8.616877, 8.6061, 8.639836, 8.62968, 8.674312, 8.563018, 8.658338, 8.712935, 8.641076, 8.547831, 8.601343, 8.580899, 8.717608, 8.646989, 8.623481, 8.637941, 8.641863, 8.666921, 8.665776, 8.591164, 8.7028265, 8.745682, 8.67672, 8.599794, 8.680081, 8.727921, 8.766198, 8.648896, 8.617187, 8.738303, 8.675265, 8.667922, 8.73878, 8.677996, 8.741844, 8.692384, 8.681202, 8.78886, 8.745682
rmse, Matern, 3,0.0, -0.028824806, 0.19364357, -0.09029508, 0.40795803, 0.68633556, 0.5494952, 0.5700588, 1.3295889, 1.2352347, 0.9672642, 1.105988, 0.94504356, 1.6270876, 2.0283937, 2.6121855, 1.7418861, 2.6478171, 2.0148993, 4.488313, 2.0390987, 3.0319452, 1.9308329, 2.8652549, 2.846837, 3.2877207, 2.9860497, 3.6325574, 3.431034, 3.7567496, 1.9639134, 3.4578562, 3.3640504, 2.6857615, 1.7733812, 2.145052, 3.355682, 3.4041286, 4.169178, 2.4933577, 1.2700796, 2.8128147, 3.0691624, 2.0694256, 4.3804646, 3.624642, 4.754007, 4.6128154, 4.6058655, 5.771613, 3.6421657, 3.675592, 4.2823195, 3.9992213, 1.8321633, 2.799058, 1.682508, 4.58467, 3.4154296, 2.4030924, 3.7993312, 3.272283, 1.709032, 1.6349435, 5.6741834, 4.135382, 2.9798985, 4.382181, 4.960203, 1.2329102, 3.2369375, 4.716301, 3.5060883, 3.757894, 3.3390045, 1.9545078, 3.057146, 2.4803042, 3.6871195, 1.9555926, 0.9037018, 2.7285576, 3.746891, 5.8662653, 2.2930384, 2.58739, 3.0080795, 1.6162753, 2.3938894, 3.2305717, 1.8564343, 2.294135, 2.885723, 3.5527945, 2.1704197, 2.135229, 3.048718, 3.1943083, 2.6424646, 3.2080173, 2.2457838, 2.951336, 2.006054, 3.58243, 2.678728, 1.9758463, 3.7697911, 2.119732, 1.3504505, 1.6400814, 3.025937, 3.2726645, 0.7118225, 4.1647553, 1.9467831, 2.9284954, 1.4051914, 1.8439889, 1.0466099, 2.3616314, 3.3038855, 0.75376034, 1.6123772, 2.4681568, 2.4898648, 1.1673093, 1.8908739, 2.4979591, 1.1840582, 2.1803856, 2.031684, 2.137494, 1.1083603, 2.0311356, 1.6024113, 2.0919204, 1.5904903, 2.295065, 1.4125824, 1.5569687, 1.791203, 1.6663194, 1.4367819, 0.59883595, 1.307559, 0.34599304, 1.8345237, 2.6006222, 1.871109, 0.88715553, 1.8293023, 3.0434847, 1.5723467, 0.72698593, 1.2077808, 2.8953075, 1.1115074, 2.1720767, 1.8122911, 1.3766885, 0.19910336, 1.9673705, 1.3875961, 1.1093497, 1.1481762, 1.0535717, 0.9916663, 2.5763512, 1.1797428, 2.1492243, 2.0692825, 0.88763237, 0.115060806, 1.4263272, 1.8975258, 0.9364605, 0.5453229, 1.2331247, 0.875175, 1.0448694, 1.0750055, 0.90095997, 0.8845329, 1.6424894, 1.5404463, 1.2097836, 0.78618526, 1.4855862, 0.79660416, 0.64098835, 1.6032696, 2.4070978, 1.0400653, 0.9022832, 0.78532696, 0.82383156, 1.4873624, 1.264751, 0.7053971, 1.227045, 1.5404701, 0.5489588, 1.191473, 0.611043, 0.8019924, 0.70171356, 1.3950229, 0.8242011, 1.6424179, -0.1932025, 1.6158462, 0.102210045, -0.032258034, 1.0013819, 2.2451043, 0.7209301, 0.56552887, 0.9923935, 1.35355, 0.94144344, 1.2364388, 0.95033646, 0.65368414, 0.9208679, 0.9428978, 0.066185, 1.6793966, 1.0830879, 0.7896185, 1.2577057, 0.9394407, 1.3316512, 0.9073973, 1.4562488, 1.0912657, 0.11680126, 0.036001205, 0.5085945, 0.45394897, 1.8170118, 0.6934881, 0.8217335, 0.2588749, 0.59376955, 0.89224577, 2.0419836, 0.23030043, 0.38130283, 0.3391385, 1.2184858, 1.4042735, 0.57199, 0.60703754, 0.16429424, 0.8183956, 1.0168314, 0.18208027, 0.6845236, 0.9666085, 0.5907893, 0.11576414, 0.63979626, 0.73416233, 0.99220276, 0.88591576, 0.51443577, 0.4028082, 0.43797493, 0.53093433, 0.7474661, 0.83783865, 0.63130856, 0.8100271, 0.95381737, 0.32434464, 0.039839745, 0.20986795, 1.0503054, 0.4669428, 0.81198215, 0.13246536, 0.17974377, 0.7356405, 0.08229017, 0.22652149, 0.585413, 0.7844448, 0.664413, 1.2554884, 0.024104118, 0.40615797, 0.18985271, 0.5969286, -0.046229362, 0.6915331, 0.57126284, 0.78554153, -0.07683039, 0.4062295, 0.95704794
report, Matern, 3,0.07572174, 0.19335747, 0.2797842, 0.37620068, 0.45557022, 0.5178213, 0.54957867, 0.6662965, 0.705719, 0.8633137, 0.8530617, 0.95614195, 0.8497, 1.0459781, 1.0606647, 1.1772394, 1.2765765, 1.199305, 1.2002707, 1.1166453, 1.3299823, 1.3818383, 1.3697624, 1.4000177, 1.4437199, 1.457715, 1.3767362, 1.5450954, 1.4766693, 1.6288996, 1.7577767, 1.6364336, 1.6566753, 1.5240192, 1.6764998, 1.6191483, 1.7447472, 1.7215014, 1.7002106, 1.620233, 1.6120076, 1.6400337, 1.6485691, 1.6994476, 1.7596006, 1.823616, 1.5688658, 1.6723394, 1.8313408, 1.7873049, 1.7233729, 1.716721, 1.8193603, 1.6187191, 1.6711712, 1.7060637, 1.7733812, 1.6949892, 1.6392708, 1.7313838, 1.7835855, 1.6642332, 1.745224, 1.8079638, 1.5954733, 1.6257286, 1.6378999, 1.5519142, 1.5402794, 1.5301943, 1.4847875, 1.694417, 1.4443398, 1.6704798, 1.576817, 1.4930487, 1.3940573, 1.4105082, 1.4498234, 1.349783, 1.3341069, 1.5184402, 1.4083743, 1.4794827, 1.4193535, 1.2997866, 1.3665199, 1.343441, 1.3524532, 1.4276862, 1.3345599, 1.4741898, 1.382494, 1.2719274, 1.1538744, 1.3809681, 1.237917, 1.3410687, 1.1560917, 1.3666868, 1.1612654, 1.1123657, 1.2197614, 1.2290001, 1.3366103, 1.1641145, 1.3566732, 1.484561, 1.0617375, 1.1565685, 0.92315674, 1.1722326, 1.139605, 0.9702444, 1.1332631, 0.91365576, 1.1033297, 1.0048151, 0.9829879, 0.98319054, 0.94013214, 0.98125935, 0.9517908, 0.90630054, 0.97892284, 0.9868622, 0.7595539, 0.971365, 0.8956909, 0.8540869, 0.95255375, 0.9358883, 0.9752989, 0.9043217, 0.8248091, 0.8404255, 0.7801533, 0.7446289, 0.8107066, 0.68547726, 0.9211302, 0.85743666, 0.7346988, 0.80041885, 0.727582, 0.78428984, 0.808239, 0.91005564, 0.7713318, 0.9158611, 0.7181406, 0.69293976, 0.6217241, 0.7758856, 0.7334113, 0.77774525, 0.7677078, 0.79535246, 0.6774664, 0.72221756, 0.6967783, 0.72073936, 0.6188631, 0.73662996, 0.73132515, 0.6786823, 0.74095726, 0.74043274, 0.58202744, 0.6638169, 0.64861774, 0.75109005, 0.78366995, 0.7051468, 0.6413698, 0.6256938, 0.61450005, 0.62971115, 0.62327385, 0.62417984, 0.7642865, 0.64840317, 0.686121, 0.7030487, 0.5960226, 0.6544113, 0.6772399, 0.6101608, 0.5852699, 0.5441904, 0.6553173, 0.6656885, 0.6297946, 0.58431625, 0.59843063, 0.5709171, 0.59843063, 0.6266594, 0.52155256, 0.5649805, 0.5432129, 0.55292845, 0.6091356, 0.5955696, 0.5578995, 0.55060387, 0.56307316, 0.504148, 0.55930614, 0.5548358, 0.56113005, 0.538826, 0.67925453, 0.57018995, 0.57725906, 0.6326914, 0.53458214, 0.5505204, 0.5736351, 0.5607605, 0.59057474, 0.5480528, 0.609982, 0.5479574, 0.5390167, 0.54712296, 0.5622983, 0.56142807, 0.6033182, 0.5378485, 0.5555153, 0.48582554, 0.5347371, 0.56164265, 0.520134, 0.5179167, 0.4655838, 0.5699158, 0.45541525, 0.5429745, 0.5436897, 0.5553484, 0.561738, 0.5081177, 0.5308747, 0.5298376, 0.5166292, 0.59862137, 0.5512357, 0.5793333, 0.53954124, 0.5444288, 0.4904747, 0.53328276, 0.45144558, 0.4885435, 0.48687458, 0.5343318, 0.53071976, 0.51277876, 0.53105354, 0.5678177, 0.52632093, 0.50587654, 0.5256653, 0.4941702, 0.49990416, 0.47557354, 0.5090475, 0.52530766, 0.5584955, 0.47683716, 0.48172474, 0.49288273, 0.5104065, 0.5222559, 0.4899621, 0.53937435, 0.50245523, 0.53203106, 0.5015135, 0.54813623, 0.49917698, 0.5758524, 0.52514076, 0.46201944, 0.507617, 0.53224564, 0.54870844, 0.48201084, 0.5460024, 0.5176306, 0.4600525, 0.45238733, 0.5038023, 0.5007148, 0.47266483, 0.44825077, 0.47792196, 0.48594475
rmse, Matern, 5,0.0, 0.00030994415, 0.081694126, 0.31129122, 0.29723644, 0.17602444, 0.83532333, 1.7277002, 1.1609316, 2.2150993, 1.6476035, 2.4274588, 2.1101594, 3.5544634, 2.7579904, 3.7799835, 3.6424875, 1.7875195, 3.9677262, 5.337882, 2.7480364, 3.2938242, 4.63202, 3.4794211, 3.926289, 4.9417734, 6.2152863, 4.596925, 4.8242807, 4.7371984, 4.5816183, 2.1097422, 6.1068535, 5.1126003, 4.4510245, 4.3774843, 3.3991575, 3.4685612, 4.8455596, 5.237341, 4.9110055, 3.3059597, 3.561008, 3.5542965, 3.7837029, 3.212309, 5.3732634, 4.0981054, 3.1793356, 4.0213346, 7.9710007, 4.1653275, 4.92959, 3.047514, 3.4523964, 3.8877487, 7.6717854, 4.388213, 4.1939974, 3.0999184, 4.1701436, 6.641805, 2.974105, 4.071045, 5.8052063, 8.106506, 6.014538, 3.8816214, 5.633664, 5.8807135, 5.148816, 5.9646726, 4.7730207, 3.9002657, 3.2899141, 4.478395, 3.2103777, 4.8367977, 4.106331, 4.8806787, 2.823007, 4.096222, 5.387616, 5.7446957, 4.064834, 2.7816057, 5.8546305, 3.9857268, 4.4255614, 2.587247, 3.0987859, 2.7801633, 5.002725, 4.8019886, 5.7217, 2.4829865, 2.8441787, 4.330158, 3.8302422, 4.7516823, 3.3492088, 2.18637, 5.8416724, 3.7730694, 3.1581402, 4.9645066, 2.9740095, 3.6455631, 5.164528, 4.7935367, 3.6560535, 4.5432568, 3.54352, 3.7381768, 3.3977985, 4.2508006, 3.014326, 2.0068169, 2.6798844, 5.4008484, 3.0059338, 3.765273, 4.785967, 2.0284414, 2.547276, 3.7926197, 3.5116553, 4.696107, 3.0130148, 3.6312819, 2.639532, 3.7577868, 1.9683838, 3.5306692, 2.114141, 1.2109876, 2.7041197, 1.7718554, 2.6017427, 2.6710749, 3.2298207, 3.4046888, 2.5264502, 2.3730159, 1.6736269, 1.4661193, 3.2237291, 2.8411627, 2.2814274, 2.8995752, 3.2524586, 2.2155762, 3.7611246, 1.0696054, 2.436471, 1.1162758, 1.6555548, 2.8071284, 2.7881265, 2.3750782, 2.7686, 2.112937, 1.614964, 2.5132298, 1.283598, 2.260077, 1.4557123, 2.3654938, 3.177619, 1.7062664, 3.3275604, 1.2495518, 3.651011, 3.2406688, 2.2301674, 2.4012446, 2.6627302, 2.290547, 1.1348009, 3.205967, 2.4036765, 2.0278215, 2.5878668, 0.34298897, 2.4484873, 2.1307468, 3.384447, 3.146124, 2.02744, 1.9699931, 2.4754286, 2.532959, 1.3399124, 1.2770891, 3.5062075, 1.5276194, 1.0738373, 2.3113966, 1.1697531, 2.772665, 1.9924164, 1.422286, 1.0273695, 1.2335539, 1.8955708, 1.5593767, 2.0905972, 2.114439, 1.0306001, 2.4650335, 3.0553102, 0.92417, 1.943016, 2.4090767, 1.163435, 1.549387, 1.3627529, 1.2187719, 1.3349175, 0.7153511, 1.0154009, 1.8306732, 1.7865658, 1.1875391, 0.5797386, 1.1513114, 1.7268181, 2.6736498, 0.7381439, 2.1786213, 1.2988925, 0.98736286, 0.45425892, 1.2152076, 1.4496326, 1.371336, 1.2258291, 2.0185232, 1.9153595, 1.4191508, 1.0719538, 0.633204, 0.9562969, 1.0494232, 0.32365322, 1.2122393, 2.0907521, 1.9252539, 1.1565447, 1.410389, 1.295495, 1.4122725, 1.8731713, 0.50212145, 1.1827946, 0.8243799, 0.7094264, 1.172924, 0.770092, 1.001215, 1.0061264, 1.9906282, 1.6480446, 1.4362454, 2.231264, 0.7546544, 0.9471059, 0.45907497, 1.4008999, 1.189053, 1.2187481, 0.67937374, 0.7372618, 1.4254808, 1.1898518, 0.92976093, 0.6593704, 1.3665199, 1.1806846, 1.5035868, 1.6543388, 1.3777733, 0.6991625, 0.8724928, 1.6457796, 0.7815361, 0.7238865, 1.2705445, 1.1760354, 2.1549344, 1.1273146, 0.947392, 0.92954636, 0.881958, 0.9119868, 1.3913512, 0.90692043, 0.93228817, 0.8908272, 1.5204191
report, Matern, 5,0.11600256, 0.21785498, 0.31831264, 0.40881634, 0.52678585, 0.5641699, 0.6911397, 0.77142715, 0.86882114, 0.9095073, 1.0143638, 1.0768175, 1.1868834, 1.1573434, 1.237452, 1.3059139, 1.392436, 1.3867497, 1.4847398, 1.516366, 1.5140772, 1.6424656, 1.683414, 1.663351, 1.7258644, 1.724267, 1.7651558, 1.7114401, 1.7124772, 1.7755032, 1.8028975, 1.8604994, 1.9042969, 1.9303322, 1.9106865, 1.879394, 1.8065453, 1.9325018, 1.899612, 1.9773245, 1.8871784, 1.8038511, 1.862812, 2.0169497, 1.9780397, 1.8576145, 1.8512249, 1.9411445, 1.9575596, 2.0253658, 2.0442247, 2.00603, 1.9258261, 1.8529058, 1.8635273, 1.9416332, 1.9062757, 1.8924475, 1.9394159, 1.8788218, 1.8996835, 1.9670486, 1.9223213, 1.8890858, 1.8405914, 1.8882275, 1.9060373, 1.8776536, 1.7395854, 1.8185616, 1.7979145, 1.7058611, 1.8638849, 1.803565, 1.8807411, 1.6710043, 1.7940879, 1.8145323, 1.8411636, 1.807344, 1.6669989, 1.7002106, 1.6171813, 1.6317248, 1.7457008, 1.6867876, 1.6195059, 1.7487764, 1.5794516, 1.4970541, 1.617825, 1.5947819, 1.6178846, 1.5536666, 1.5795588, 1.5211344, 1.4962435, 1.4646292, 1.6699314, 1.5589118, 1.4445305, 1.4894962, 1.4981747, 1.6009092, 1.4466763, 1.4443517, 1.5585899, 1.3226748, 1.3839245, 1.4089346, 1.5059471, 1.441896, 1.4539719, 1.3928652, 1.4215946, 1.4416933, 1.3713717, 1.2953997, 1.2718439, 1.4794946, 1.2466908, 1.2619495, 1.2901545, 1.31073, 1.3705373, 1.2686133, 1.1782646, 1.205051, 1.3204098, 1.2696028, 1.1324406, 1.2485623, 1.2219071, 1.1651278, 1.2801647, 1.2081146, 1.1322737, 1.1617184, 1.0869384, 1.1109829, 1.0867119, 1.1664271, 1.0840654, 1.1023521, 1.01614, 1.121211, 1.0816097, 1.1378527, 1.1529684, 1.0284662, 1.0404825, 1.1440754, 1.0601044, 1.0292053, 1.0923147, 0.9876609, 1.0693073, 1.0450363, 0.9220958, 0.9732008, 1.0002613, 0.9169698, 0.9353876, 1.0169387, 1.0149002, 0.95022917, 1.073277, 0.95221996, 0.9806514, 1.0052443, 1.0230303, 0.8385658, 0.9722471, 0.9079337, 0.88692904, 0.94377995, 0.97904205, 0.8342624, 0.9011507, 0.8787513, 0.82069635, 0.9250879, 0.7585287, 0.83384514, 0.87866783, 1.0050535, 0.908792, 0.83453655, 0.87730885, 0.83630085, 0.7756829, 0.9018421, 0.8552551, 0.858438, 0.85366964, 0.79746246, 0.83134174, 0.77836514, 0.8727312, 0.78778267, 0.7922411, 0.79364777, 0.81056356, 0.8322954, 0.74920654, 0.7832289, 0.7869959, 0.6733179, 0.7071018, 0.6983161, 0.73771477, 0.75495243, 0.7880449, 0.72455406, 0.78413486, 0.7285595, 0.8226156, 0.7417321, 0.7893324, 0.80099106, 0.7580757, 0.76503754, 0.78259706, 0.805676, 0.73616505, 0.76885223, 0.720644, 0.76761246, 0.7916212, 0.73297024, 0.6973505, 0.7575989, 0.73304176, 0.69184303, 0.7315874, 0.71525574, 0.6826639, 0.6933689, 0.7515073, 0.6761551, 0.71827173, 0.7058859, 0.7240534, 0.63830614, 0.71270466, 0.7566929, 0.7274389, 0.70209503, 0.61717033, 0.68233013, 0.74642897, 0.6541133, 0.6861925, 0.6469965, 0.64355135, 0.61380863, 0.7177472, 0.63494444, 0.69782734, 0.65231323, 0.60789585, 0.6575823, 0.6840229, 0.66034794, 0.65692663, 0.6645918, 0.6775141, 0.6324291, 0.60983896, 0.64907074, 0.71640015, 0.6664634, 0.58853626, 0.70858, 0.6128788, 0.6118536, 0.6349087, 0.6932497, 0.63722134, 0.64257383, 0.688982, 0.62536, 0.68297386, 0.60898066, 0.66514015, 0.630188, 0.59432983, 0.6151438, 0.6278038, 0.63340664, 0.6467104, 0.63927174, 0.6075144, 0.59525967, 0.56277514, 0.58476925, 0.6634474, 0.625062, 0.6364584, 0.618875
rmse, Matern, 7,0.0, 0.042057037, 0.33700466, 0.625062, 0.96764565, 1.5813112, 1.4480472, 1.9993305, 1.8251419, 1.9341469, 2.680695, 4.090643, 2.8943539, 3.6125183, 3.5828233, 3.5037756, 5.4260254, 2.2900343, 4.4059515, 5.0974607, 4.97365, 4.0677905, 3.1335115, 3.7597418, 6.822753, 5.5595875, 4.984617, 4.495287, 6.718743, 8.592283, 5.1724315, 7.794142, 5.671525, 4.422796, 6.97453, 6.3889503, 6.588888, 7.554102, 6.169343, 5.5098057, 6.3640594, 5.798435, 7.78141, 6.217122, 4.697418, 7.8844905, 6.0044527, 7.7512145, 8.469629, 6.171572, 5.190766, 2.8345108, 6.78705, 5.9487104, 5.8576703, 8.072615, 5.9388876, 7.4552655, 6.2459826, 4.595661, 6.9085836, 8.599782, 8.615708, 6.2321424, 6.353569, 5.692768, 5.3890467, 5.78413, 6.8460226, 7.1068406, 6.67609, 6.0399413, 5.724466, 6.7831397, 7.0511103, 4.143369, 8.7888, 5.818033, 6.0709715, 4.3362856, 7.2280884, 3.7886024, 5.787301, 6.536138, 6.463647, 7.92408, 5.872512, 4.7643423, 5.0390363, 5.24981, 3.2992125, 5.897665, 5.241418, 4.6839476, 7.550931, 6.7704678, 5.8398247, 5.60627, 7.764101, 6.6413403, 1.9545555, 4.4339895, 4.5392632, 6.773925, 5.627489, 4.3323994, 3.2272816, 6.071627, 5.0211906, 4.723668, 2.9026031, 4.1844964, 1.5937448, 5.230379, 4.3756723, 2.9666662, 3.9357066, 3.8360357, 6.270647, 5.9796095, 5.289054, 2.7244806, 2.9586911, 5.96447, 5.219507, 4.7884703, 5.4679155, 3.0868769, 4.5194864, 3.4662485, 4.717517, 2.8071165, 2.251768, 3.002882, 2.8491378, 3.2606483, 3.6308765, 5.3619027, 4.580593, 5.8309197, 1.8652916, 3.007388, 5.381322, 3.514707, 2.5164127, 3.2065868, 3.6349773, 4.5737743, 2.9128551, 3.0565977, 3.9516807, 2.5081635, 3.8727999, 3.6396742, 2.7636766, 2.1050096, 2.8930783, 2.9848456, 5.2150965, 3.265226, 2.6940107, 2.5684357, 3.0673265, 2.711928, 3.0109406, 2.7733326, 5.3255677, 4.7647715, 2.8570056, 2.7359724, 2.875042, 3.354764, 2.3135185, 2.270484, 3.9072275, 4.091835, 2.838993, 3.4703016, 2.396965, 2.317226, 3.2341719, 1.5963078, 3.6370993, 3.39396, 2.5408387, 4.0104866, 2.5899172, 1.987958, 2.1229506, 1.8651724, 3.8534164, 3.5338283, 1.3218403, 1.850152, 2.2888184, 2.048993, 2.9196143, 2.5771618, 1.1271477, 3.7270308, 4.0823936, 0.7791281, 2.7579308, 1.945281, 2.8504252, 2.9837132, 1.0357141, 2.247405, 3.244853, 0.87103844, 2.1734476, 2.1290302, 1.1777878, 2.0971298, 1.9260764, 1.8101215, 2.427411, 1.038146, 2.2902727, 1.9464493, 3.2105923, 2.7195334, 2.3255587, 1.136303, 2.0516753, 1.8975735, 2.3374915, 2.8136969, 2.6505947, 3.0950308, 1.6684651, 3.2777548, 2.1977901, 2.466631, 2.672565, 0.692749, 2.381277, 2.3598433, 1.8635631, 1.5563011, 0.65419674, 2.3177981, 2.508831, 2.659738, 0.65648556, 1.7078638, 1.8807888, 0.8425355, 3.5448074, 2.049768, 1.7560124, 1.3677835, 1.7129898, 2.7172327, 2.8777838, 2.2600412, 3.175211, 2.3794293, 1.8373966, 1.5156746, 2.3900986, 1.8619776, 1.9845009, 2.9048324, 1.129818, 0.8614063, 1.5471935, 2.2232056, 0.9116173, 2.0356655, 1.3192773, 0.75776577, 1.6783357, 1.9982576, 1.542592, 1.6305804, 1.3527155, 1.5149355, 1.7726183, 1.7033577, 1.4926434, 1.7210007, 1.337707, 0.7802725, 1.9420147, 1.4795065, 1.9832253, 1.5447974, 1.0104656, 2.2094965, 0.85093975, 1.693821, 1.054883, 1.7611742, 1.3842225, 1.1276245, 2.5211334, 0.8154154, 1.3788223, 1.1428118
report, Matern, 7,0.13027191, 0.24981499, 0.39224625, 0.5041003, 0.6071687, 0.7444143, 0.75240135, 0.9430647, 1.0891438, 1.0972023, 1.2437344, 1.3450027, 1.5102863, 1.488018, 1.5632987, 1.6692877, 1.7902613, 1.6844988, 1.7746925, 1.893878, 2.0853043, 2.1396637, 2.0719051, 2.1218538, 2.2171617, 2.2734284, 2.1860003, 2.2272348, 2.303648, 2.4085999, 2.4854422, 2.3885727, 2.4127603, 2.460909, 2.4472713, 2.4503112, 2.5101066, 2.5746346, 2.5311232, 2.4993658, 2.4878263, 2.5572538, 2.6604176, 2.5993824, 2.6937485, 2.585864, 2.67303, 2.669537, 2.649951, 2.7374983, 2.6821136, 2.7251482, 2.5365353, 2.6273012, 2.60427, 2.6454568, 2.731204, 2.595663, 2.6439428, 2.554059, 2.4127007, 2.7365446, 2.5313616, 2.5977254, 2.6192546, 2.5797844, 2.5279522, 2.504897, 2.6105404, 2.4886608, 2.4830937, 2.5730848, 2.3249388, 2.4698973, 2.3492336, 2.432561, 2.5120616, 2.5111437, 2.5403142, 2.39048, 2.3211002, 2.4794817, 2.30515, 2.405262, 2.34524, 2.169776, 2.2629023, 2.460134, 2.0346403, 2.4093986, 2.3717403, 2.2295237, 2.239275, 2.2188902, 2.1719456, 1.9528389, 2.2218943, 2.1610498, 2.2420168, 2.1403432, 2.0076275, 1.9249201, 2.1426916, 2.0648122, 1.9970179, 1.9734621, 2.0685196, 2.0914316, 1.7740011, 1.9788027, 1.7638922, 1.9988775, 2.1368504, 2.0964622, 1.9895792, 1.9999862, 1.81458, 1.8886209, 1.7433643, 1.8067002, 1.9053817, 1.8563509, 1.8215299, 1.8636227, 1.6552567, 1.7246127, 1.5806913, 1.6316414, 1.879096, 1.6002178, 1.7675757, 1.5868425, 1.7892361, 1.6894698, 1.742053, 1.7235994, 1.6999245, 1.6274214, 1.6566038, 1.6082764, 1.5571594, 1.6118169, 1.7392159, 1.7459631, 1.525259, 1.5055418, 1.5217423, 1.4254689, 1.5232086, 1.7686963, 1.625967, 1.4179349, 1.5125751, 1.3641834, 1.5220642, 1.6148806, 1.3736606, 1.4060974, 1.452899, 1.6039491, 1.4479637, 1.4265418, 1.3824463, 1.399684, 1.3330221, 1.3326168, 1.3380289, 1.2515903, 1.3802528, 1.3898373, 1.3006687, 1.3163328, 1.2667298, 1.5476584, 1.4364243, 1.345706, 1.4127254, 1.1880994, 1.1875749, 1.1851788, 1.2040854, 1.2817621, 1.369214, 0.9509206, 1.2372255, 1.2138128, 1.3828278, 1.2512207, 1.1876583, 1.2692213, 1.1700392, 1.0918856, 1.0929108, 1.2151122, 1.2491226, 1.1564255, 1.0785818, 1.2611866, 1.0897756, 1.0558963, 1.1762142, 1.0614872, 1.1368752, 1.0729551, 1.150465, 1.0110855, 1.1048555, 1.0942101, 0.9308815, 1.0418892, 1.0077238, 1.0411382, 1.0349989, 1.0737181, 0.9322047, 1.0889053, 1.0806322, 1.0572791, 1.1052251, 1.0106802, 1.0372877, 1.0172606, 1.005435, 0.96553564, 1.0192394, 0.96628666, 1.1090875, 0.9479523, 1.0106802, 1.0024548, 1.053071, 0.9428263, 0.99025965, 0.9346485, 1.0009527, 0.877285, 1.0288954, 0.9530425, 0.9607315, 1.072228, 0.96673965, 0.8749962, 0.9931326, 0.8311391, 0.94532967, 0.9624362, 0.8821726, 0.88129044, 0.888896, 0.8213401, 0.8226514, 1.0182381, 0.83942413, 0.9167671, 0.88613033, 0.9611368, 0.9104252, 0.92208385, 0.88715553, 0.82947016, 0.78372955, 0.93541145, 0.86262226, 0.8108139, 0.85594654, 0.85024834, 0.8681536, 0.95074177, 0.88796616, 0.8330226, 0.8857012, 0.82701445, 0.8264661, 0.8510351, 0.8834481, 0.8309126, 0.81038475, 0.7979274, 0.7801056, 0.85612535, 0.80149174, 0.8629441, 0.8318424, 0.8431554, 0.84120035, 0.85093975, 0.78709126, 0.7870674, 0.71138144, 0.78288317, 0.8295059, 0.7631779, 0.8767605, 0.8118868, 0.8072734, 0.8437395, 0.759995, 0.7740736, 0.7529497, 0.824821
rmse, Matern, 10,0.0, 0.11603832, 0.4973173, 0.9521127, 1.1743546, 1.2602329, 2.2395134, 3.2966256, 4.3548584, 5.121255, 4.2686105, 4.2340994, 4.8053265, 5.3601503, 5.737555, 5.4477215, 6.232071, 7.3369503, 6.279731, 4.663253, 7.778311, 7.2522283, 8.256197, 8.757162, 7.8867793, 7.909274, 9.110117, 6.840706, 9.641409, 6.4538, 8.072746, 7.943678, 9.544826, 8.022987, 10.641122, 9.683108, 11.241317, 11.49714, 8.630335, 10.2841015, 9.213173, 8.704686, 7.5854063, 8.990455, 12.464786, 7.173872, 8.738971, 9.579002, 9.958971, 8.786178, 8.064246, 11.061358, 7.3168755, 10.040998, 7.5988054, 8.881021, 7.4750185, 8.350754, 12.261248, 9.917248, 8.524537, 10.22892, 10.281885, 8.959663, 8.144522, 7.931566, 8.361626, 8.691347, 11.6609335, 5.511737, 7.502818, 7.4534416, 8.774877, 7.0721507, 6.0262203, 9.866428, 6.4584017, 9.580159, 10.178316, 8.406675, 7.5731754, 8.400702, 8.500206, 7.3619485, 7.5802803, 7.1872234, 7.8488946, 4.761243, 6.0616374, 7.135141, 7.1992397, 5.9978485, 7.028961, 5.911422, 8.551371, 11.15266, 5.6530952, 4.3195844, 5.8810353, 11.201358, 7.3188424, 6.495285, 4.074168, 7.186258, 6.7874193, 6.481838, 9.013569, 4.660082, 7.4537396, 7.3260903, 5.949235, 6.96615, 5.3749323, 5.582595, 3.7824512, 6.0060263, 7.609391, 4.514992, 4.262364, 6.9476366, 4.663825, 5.4818153, 5.436015, 3.9774895, 4.700184, 2.980423, 8.110285, 1.6500235, 6.0573816, 2.964437, 4.3387175, 4.900205, 4.4825077, 3.1195283, 7.4002028, 6.324768, 4.9317956, 5.3139567, 4.4769526, 1.9946337, 4.277706, 5.8459997, 3.828621, 3.101623, 4.292345, 6.526637, 2.6669502, 4.9621344, 3.0900002, 3.9965153, 6.7329288, 4.6635866, 4.4395685, 3.599906, 1.0170698, 5.3307295, 1.6273499, 2.8936505, 4.5089245, 2.8759956, 1.6497374, 2.9301167, 3.882265, 2.6894808, 4.2150974, 2.6946068, 1.4683008, 3.0815005, 0.85835457, 5.007708, 4.6808243, 3.6651492, 3.51187, 1.7822027, 1.8337011, 5.1138163, 3.3436418, 4.034567, 3.3897161, 5.0812006, 2.5861979, 4.381728, 4.146433, 3.6405683, 3.896308, 2.0121098, 2.4663687, 1.7004251, 2.9575825, 2.2406578, 2.838719, 1.4366984, 5.629301, 4.26234, 3.6581993, 2.78126, 4.1705728, 2.5907278, 3.53899, 2.968967, 1.7794132, 2.7379751, 2.5976896, 3.547573, 4.2063, 1.4017582, 2.2435665, 2.839899, 4.286349, 2.7603269, 3.0450702, 1.99399, 1.8420935, 2.3628712, 3.5440207, 2.2955894, 2.1081567, 2.4530053, 2.0046592, 3.4403086, 2.0794868, 1.7468929, 1.0867953, 2.1092057, 2.248454, 1.2970567, 1.7490149, 3.0765772, 2.1244645, 2.9952407, 0.97846985, 3.045082, 1.4987111, 3.2186031, 3.5331488, 2.9640675, 2.3072124, 2.0434618, 2.2313237, 3.2520175, 1.6736984, 1.8938303, 2.3459554, 1.6608953, 2.7801394, 2.0407915, 1.7741084, 2.2522688, 2.52769, 1.1042953, 2.2924423, 3.0563593, 1.6210794, 3.1183958, 2.9740095, 1.776123, 3.2877326, 1.7778635, 2.237177, 1.6348243, 0.8543968, 3.3391595, 1.1124849, 2.0514011, 0.83539486, 2.0828247, 1.8244028, 2.7161598, 2.5844336, 1.5805006, 2.3941278, 2.1644354, 1.3126612, 3.06499, 0.97254515, 2.8405905, 2.1482944, 1.7871976, 2.07541, 1.3610601, 1.0676384, 2.0480633, 2.8585076, 1.8782616, 1.0080576, 1.6438127, 1.0564208, 2.130103, 3.815484, 1.0351539, 1.7576814, 0.9134531, 1.2200713, 1.6968131, 1.4291286, 2.2548437, 1.5981197, 1.511383, 1.5946031, 1.9197226
report, Matern, 10,0.14066696, 0.27358532, 0.41639805, 0.58436394, 0.69715977, 0.82137585, 0.8856535, 1.0487556, 1.1580944, 1.2836695, 1.3430715, 1.4028072, 1.574409, 1.6207933, 1.7190218, 1.9050598, 2.051425, 2.032745, 2.1320105, 2.1854281, 2.2301435, 2.293563, 2.3607254, 2.384007, 2.38173, 2.4188876, 2.5290966, 2.6320696, 2.6844978, 2.6643157, 2.7430773, 2.7570963, 2.9010534, 2.8160572, 2.8864384, 2.7971745, 2.9933214, 2.9708385, 3.046918, 3.0758142, 3.0606747, 3.2644272, 3.2493591, 3.194213, 3.008771, 3.3079863, 2.9785633, 3.2428265, 3.2708406, 3.2473564, 3.1939983, 3.1503558, 3.210795, 3.2324314, 3.3778071, 3.2197714, 3.306079, 3.2718182, 3.3528924, 3.1375527, 3.2363892, 3.1978846, 3.2452464, 3.2705665, 3.2134056, 3.1028986, 3.1003475, 3.1995058, 3.2273173, 3.221643, 3.2516122, 3.1092167, 3.1217337, 3.0846596, 3.1275153, 3.1644106, 3.1383514, 3.1125784, 3.1256437, 2.9114962, 3.0097961, 3.0042887, 3.053999, 3.142655, 3.154111, 3.027773, 3.0267954, 2.9199362, 3.037119, 3.0697346, 3.021729, 2.9529095, 2.8145313, 2.852106, 2.8877974, 2.8598547, 2.8916717, 2.8748512, 2.7440429, 2.8615475, 2.8027534, 2.8697968, 2.8331518, 2.867198, 2.7317524, 2.6746392, 2.7531028, 2.754867, 2.7225494, 2.7309537, 2.6602745, 2.7377129, 2.7169943, 2.6700258, 2.529347, 2.692902, 2.7054548, 2.466786, 2.6057482, 2.5507092, 2.445078, 2.4532318, 2.624786, 2.4875164, 2.3847818, 2.5272846, 2.6065707, 2.3411036, 2.5440335, 2.361989, 2.5012493, 2.3266196, 2.4064898, 2.31874, 2.3155093, 2.3296356, 2.3220062, 2.2789478, 2.3085952, 2.3707151, 2.1420717, 2.0738006, 2.2739768, 2.2427082, 2.3038626, 2.2822976, 2.1120787, 2.1265864, 2.1991968, 2.2089481, 2.0185947, 2.0586252, 2.183938, 2.0941496, 2.1450877, 2.039671, 1.8844604, 1.9942641, 1.9741178, 1.8727779, 2.14777, 1.97649, 2.0491362, 1.9428015, 1.9003749, 2.0036578, 1.7623901, 1.8076181, 1.774025, 1.9871473, 1.973772, 1.9034624, 1.7863274, 1.8403053, 1.862073, 1.8290997, 1.7278552, 1.8871307, 1.8121958, 1.7232656, 1.7081738, 1.878202, 1.652956, 1.7941236, 1.7629862, 1.7629981, 1.7215014, 1.7126799, 1.6741514, 1.6096115, 1.6394615, 1.604414, 1.600337, 1.5505075, 1.5552521, 1.6580224, 1.6959786, 1.6212702, 1.7636061, 1.4428377, 1.7299056, 1.5028596, 1.5403748, 1.7225266, 1.4885187, 1.5177369, 1.5130639, 1.5750647, 1.6205549, 1.4350891, 1.4847755, 1.355052, 1.3819933, 1.3632298, 1.3610244, 1.4671326, 1.4180422, 1.3918877, 1.4623165, 1.4498472, 1.4471769, 1.4558911, 1.3715029, 1.3165116, 1.4110804, 1.3415098, 1.3780832, 1.3978243, 1.2705803, 1.5460491, 1.34027, 1.4120579, 1.4410257, 1.3117313, 1.2644291, 1.3650417, 1.2098789, 1.2369275, 1.2893319, 1.3391972, 1.237011, 1.2630105, 1.2756944, 1.2202978, 1.3048172, 1.2423992, 1.2326956, 1.1647224, 1.1876941, 1.1493921, 1.3718843, 1.217699, 1.2075782, 1.1694908, 1.1862516, 1.194942, 1.1563778, 1.2610674, 1.1928082, 1.1971474, 1.1308312, 1.1415005, 1.242137, 1.1499166, 1.1904478, 1.1092424, 1.156497, 1.150763, 1.1407137, 1.158762, 1.0357857, 1.2014031, 1.0972738, 1.0674238, 1.1389375, 1.0258079, 1.1813879, 1.0668516, 1.1171579, 1.1361003, 1.0899782, 1.0957003, 1.0406971, 1.0355711, 0.97591877, 1.0550976, 0.91245174, 1.1317492, 1.041007, 0.95909834, 1.0239124, 0.95078945, 1.074326, 1.0122299, 0.9537816, 0.9608388, 1.0755777, 0.9585142, 1.0614395, 0.9923339
